ST,STATE,ST_ABBR,STCNTY,COUNTY,FIPS,LOCATION,AREA_SQMI,E_TOTPOP,M_TOTPOP,E_HU,M_HU,E_HH,M_HH,E_POV150,M_POV150,E_UNEMP,M_UNEMP,E_HBURD,M_HBURD,E_NOHSDP,M_NOHSDP,E_UNINSUR,M_UNINSUR,E_AGE65,M_AGE65,E_AGE17,M_AGE17,E_DISABL,M_DISABL,E_SNGPNT,M_SNGPNT,E_LIMENG,M_LIMENG,E_MINRTY,M_MINRTY,E_MUNIT,M_MUNIT,E_MOBILE,M_MOBILE,E_CROWD,M_CROWD,E_NOVEH,M_NOVEH,E_GROUPQ,M_GROUPQ,EP_POV150,MP_POV150,EP_UNEMP,MP_UNEMP,EP_HBURD,MP_HBURD,EP_NOHSDP,MP_NOHSDP,EP_UNINSUR,MP_UNINSUR,EP_AGE65,MP_AGE65,EP_AGE17,MP_AGE17,EP_DISABL,MP_DISABL,EP_SNGPNT,MP_SNGPNT,EP_LIMENG,MP_LIMENG,EP_MINRTY,MP_MINRTY,EP_MUNIT,MP_MUNIT,EP_MOBILE,MP_MOBILE,EP_CROWD,MP_CROWD,EP_NOVEH,MP_NOVEH,EP_GROUPQ,MP_GROUPQ,EPL_POV150,EPL_UNEMP,EPL_HBURD,EPL_NOHSDP,EPL_UNINSUR,SPL_THEME1,RPL_THEME1,EPL_AGE65,EPL_AGE17,EPL_DISABL,EPL_SNGPNT,EPL_LIMENG,SPL_THEME2,RPL_THEME2,EPL_MINRTY,SPL_THEME3,RPL_THEME3,EPL_MUNIT,EPL_MOBILE,EPL_CROWD,EPL_NOVEH,EPL_GROUPQ,SPL_THEME4,RPL_THEME4,SPL_THEMES,RPL_THEMES,F_POV150,F_UNEMP,F_HBURD,F_NOHSDP,F_UNINSUR,F_THEME1,F_AGE65,F_AGE17,F_DISABL,F_SNGPNT,F_LIMENG,F_THEME2,F_MINRTY,F_THEME3,F_MUNIT,F_MOBILE,F_CROWD,F_NOVEH,F_GROUPQ,F_THEME4,F_TOTAL,E_DAYPOP,E_NOINT,M_NOINT,E_AFAM,M_AFAM,E_HISP,M_HISP,E_ASIAN,M_ASIAN,E_AIAN,M_AIAN,E_NHPI,M_NHPI,E_TWOMORE,M_TWOMORE,E_OTHERRACE,M_OTHERRACE,EP_NOINT,MP_NOINT,EP_AFAM,MP_AFAM,EP_HISP,MP_HISP,EP_ASIAN,MP_ASIAN,EP_AIAN,MP_AIAN,EP_NHPI,MP_NHPI,EP_TWOMORE,MP_TWOMORE,EP_OTHERRACE,MP_OTHERRACE,GeoLevel,Comparison,STATE_NAME,STATE_ABBR,COUNTY_FIPS,COUNTY_NAME
17,Illinois,IL,17001,Adams County,17001,"Adams County, Illinois",855.148811186626,65583,0,30226,106,27490,370,13551,1135,1344,295,5043,522,3038,411,3115,443,13151,135,14756,8,10961,755,1625,276,67,109,6093,121,1645,315,1475,270,533,164,1967,317,1532,50,21.1,1.8,3.9,0.9,18.3,1.9,6.7,0.9,4.8,0.7,20.1,0.2,22.5,0.1,17.0,1.2,5.9,1.0,0.1,0.2,9.3,0.2,5.4,1.0,4.9,0.9,1.9,0.5,7.2,1.1,2.3,0.1,0.4752,0.2376,0.3465,0.1881,0.3168,1.5642,0.2178,0.5347,0.7327,0.6337,0.6238,0.0594,2.5843,0.5941,0.4554,0.4554,0.4554,0.7228,0.4455,0.8119,0.6832,0.5149,3.1783,0.802,7.7822,0.4059,0,0,0,0,0,0,0,0,0,0,0,0,0,0,0,0,0,0,0,0,0,69859,4430,400,2565,296,1198,0,487,141,40,27,9,12,1698,322,96,75,16.1,1.4,3.9,0.5,1.8,0.0,0.7,0.2,0.1,0.1,0.0,0.1,2.6,0.5,0.1,0.1,County,State,Illinois,IL,17001,Adams County
17,Illinois,IL,17003,Alexander County,17003,"Alexander County, Illinois",235.393944174234,5261,0,3000,18,1727,121,1760,322,189,107,397,92,512,133,569,148,1236,10,1156,8,1234,151,127,55,0,68,1921,13,259,73,375,90,6,19,183,67,129,16,34.2,6.3,9.3,5.1,23.0,5.1,13.6,3.5,11.0,2.9,23.5,0.2,22.0,0.1,23.9,2.9,7.4,3.1,0.0,1.4,36.5,0.2,8.6,2.4,12.5,3.0,0.3,0.6,10.6,3.9,2.5,0.3,0.9802,1.0,0.8515,0.9109,0.9703,4.7129,1.0,0.8812,0.5941,0.9802,0.8911,0.0,3.3466,0.9604,0.9406,0.9406,0.9406,0.8812,0.8218,0.0594,0.9505,0.5644,3.2773,0.8614,12.2774,1.0,1,1,0,1,1,4,0,0,1,0,0,1,1,1,0,0,0,1,0,1,7,3552,686,96,1748,58,51,43,13,16,0,17,0,17,109,40,0,17,39.7,4.8,33.2,1.1,1.0,0.8,0.2,0.3,0.0,0.7,0.0,0.7,2.1,0.8,0.0,0.7,County,State,Illinois,IL,17003,Alexander County
17,Illinois,IL,17005,Bond County,17005,"Bond County, Illinois",380.336202926096,16750,0,6895,40,6220,156,3565,622,324,133,1230,239,1274,228,672,171,3026,49,3048,0,2739,313,443,146,16,77,2247,37,283,128,874,137,149,92,523,167,2039,63,24.3,4.2,4.3,1.7,19.8,3.8,11.1,2.0,4.4,1.1,18.1,0.3,18.2,0.0,17.9,2.0,7.1,2.3,0.1,0.5,13.4,0.2,4.1,1.9,12.7,2.0,2.4,1.3,8.4,2.7,12.2,0.4,0.7624,0.3366,0.5248,0.703,0.2079,2.5347,0.495,0.2376,0.0693,0.7426,0.8515,0.0594,1.9604,0.2079,0.604,0.604,0.604,0.5545,0.8317,0.901,0.8218,0.9802,4.0892,0.9901,9.1883,0.7426,0,0,0,0,0,0,0,0,0,0,0,0,0,0,0,0,1,0,1,2,2,12778,1063,210,1160,151,637,0,77,59,120,71,0,19,239,151,14,12,17.1,3.4,6.9,0.9,3.8,0.0,0.5,0.4,0.7,0.4,0.0,0.2,1.4,0.9,0.1,0.1,County,State,Illinois,IL,17005,Bond County
17,Illinois,IL,17007,Boone County,17007,"Boone County, Illinois",280.740407852934,53459,0,20183,33,19024,312,8671,1120,2145,484,4288,547,4721,585,3034,580,8692,199,12906,53,7001,796,1059,302,1837,406,15750,175,527,178,1297,298,453,195,845,217,318,10,16.4,2.1,7.7,1.7,22.5,2.9,13.4,1.7,5.7,1.1,16.3,0.4,24.1,0.1,13.2,1.5,5.5,1.6,3.6,0.8,29.5,0.3,2.6,0.9,6.4,1.5,2.3,1.0,4.4,1.1,0.6,0.0,0.198,0.9208,0.8119,0.8812,0.6238,3.4357,0.8218,0.1188,0.9307,0.1683,0.4752,0.9505,2.6435,0.6139,0.8614,0.8614,0.8614,0.3762,0.5248,0.8911,0.2574,0.0495,2.099,0.3267,9.0396,0.6931,0,1,0,0,0,1,0,1,0,0,1,2,0,0,0,0,0,0,0,0,3,46049,2110,450,1117,228,12563,0,502,92,49,65,0,29,1497,291,22,36,11.1,2.3,2.1,0.4,23.5,0.0,0.9,0.2,0.1,0.1,0.0,0.1,2.8,0.5,0.0,0.1,County,State,Illinois,IL,17007,Boone County
17,Illinois,IL,17009,Brown County,17009,"Brown County, Illinois",305.726616155852,6334,0,2342,28,2066,100,1073,241,52,52,306,93,907,127,230,104,940,30,1117,59,924,203,101,52,66,79,1559,130,161,88,198,76,41,29,130,51,1693,51,23.2,5.2,2.1,2.1,14.8,4.4,19.7,2.8,5.0,2.2,14.8,0.5,17.6,0.9,19.9,4.3,4.9,2.5,1.1,1.3,24.6,2.1,6.9,3.8,8.5,3.2,2.0,1.2,6.3,2.4,26.7,0.8,0.6337,0.0198,0.0693,1.0,0.4257,2.1485,0.3762,0.0693,0.0198,0.8416,0.2673,0.7921,1.9901,0.2277,0.8119,0.8119,0.8119,0.8317,0.6535,0.8416,0.5743,1.0,3.9011,0.9802,8.8516,0.6337,0,0,0,1,0,1,0,0,0,0,0,0,0,0,0,0,0,0,1,1,2,7514,404,110,1039,117,439,0,3,6,25,25,0,17,53,42,0,17,19.6,5.2,16.4,1.8,6.9,0.0,0.0,0.1,0.4,0.4,0.0,0.6,0.8,0.7,0.0,0.6,County,State,Illinois,IL,17009,Brown County
17,Illinois,IL,17011,Bureau County,17011,"Bureau County, Illinois",869.071035404446,33203,0,15640,40,13901,256,6981,657,964,171,2789,299,2295,270,2141,265,7415,32,6972,0,4655,315,744,149,319,116,4658,124,619,156,310,71,219,72,808,197,446,50,21.4,2.0,5.7,1.0,20.1,2.1,9.7,1.1,6.5,0.8,22.3,0.1,21.0,0.0,14.2,1.0,5.4,1.1,1.0,0.4,14.0,0.4,3.9,1.0,2.0,0.5,1.5,0.5,5.8,1.4,1.3,0.2,0.495,0.703,0.5842,0.604,0.7723,3.1585,0.7228,0.802,0.3663,0.2871,0.4653,0.7426,2.6633,0.6436,0.6337,0.6337,0.6337,0.5248,0.1287,0.5743,0.495,0.2475,1.9703,0.297,8.4258,0.5644,0,0,0,0,0,0,0,0,0,0,0,0,0,0,0,0,0,0,0,0,0,27882,2185,195,204,78,3288,0,303,54,20,16,0,26,732,175,111,104,15.7,1.4,0.6,0.2,9.9,0.0,0.9,0.2,0.1,0.1,0.0,0.1,2.2,0.5,0.3,0.3,County,State,Illinois,IL,17011,Bureau County
17,Illinois,IL,17013,Calhoun County,17013,"Calhoun County, Illinois",253.829317372768,4472,0,2322,22,1205,80,529,144,75,33,164,45,261,87,51,31,1080,22,903,6,934,164,27,18,1,46,221,62,7,16,266,59,22,22,37,20,118,11,12.1,3.3,4.1,1.8,13.6,3.6,8.0,2.6,1.2,0.7,24.2,0.5,20.2,0.2,21.3,3.7,2.3,1.5,0.0,1.1,4.9,1.4,0.3,0.7,11.5,2.5,1.8,0.9,3.1,1.6,2.6,0.2,0.0594,0.2772,0.0297,0.3663,0.0,0.7326,0.0198,0.9406,0.2574,0.9307,0.0099,0.0,2.1386,0.3168,0.198,0.198,0.198,0.0594,0.7921,0.7723,0.0396,0.5743,2.2377,0.3465,5.3069,0.1089,0,0,0,0,0,0,1,0,1,0,0,2,0,0,0,0,0,0,0,0,2,2684,187,40,33,35,36,34,1,3,9,16,0,12,142,69,0,12,15.5,3.0,0.7,0.8,0.8,0.8,0.0,0.1,0.2,0.4,0.0,0.8,3.2,1.5,0.0,0.8,County,State,Illinois,IL,17013,Calhoun County
17,Illinois,IL,17015,Carroll County,17015,"Carroll County, Illinois",445.4062633348,15594,0,8197,33,6317,230,2750,466,352,95,1175,180,1329,205,959,217,3727,44,2818,17,2304,190,262,86,16,70,1668,40,320,103,293,85,79,56,267,96,1001,30,18.8,3.2,4.9,1.3,18.6,2.8,11.6,1.8,6.6,1.5,23.9,0.3,18.1,0.1,15.8,1.3,4.2,1.4,0.1,0.5,10.7,0.3,4.0,1.3,3.6,1.0,1.3,0.7,4.2,1.5,6.4,0.2,0.3168,0.505,0.396,0.7624,0.7822,2.7624,0.5941,0.9307,0.0495,0.5347,0.099,0.0594,1.6733,0.099,0.505,0.505,0.505,0.5446,0.3267,0.4554,0.198,0.8317,2.3564,0.4158,7.2971,0.3564,0,0,0,0,0,0,1,0,0,0,0,1,0,0,0,0,0,0,0,0,1,12871,951,168,515,34,720,0,103,22,41,23,0,19,272,45,17,21,15.1,2.5,3.3,0.2,4.6,0.0,0.7,0.1,0.3,0.1,0.0,0.2,1.7,0.3,0.1,0.1,County,State,Illinois,IL,17015,Carroll County
17,Illinois,IL,17017,Cass County,17017,"Cass County, Illinois",375.753772574706,12955,0,5684,21,5004,139,2948,395,336,113,827,165,1208,195,574,143,2331,74,3145,16,2028,226,243,85,709,230,3460,17,128,60,730,171,89,48,280,94,149,4,23.0,3.1,5.4,1.8,16.5,3.3,13.8,2.3,4.5,1.1,18.0,0.6,24.3,0.1,15.8,1.8,4.8,1.7,5.8,1.9,26.7,0.1,2.2,1.1,12.8,3.0,1.8,0.8,5.6,1.8,1.2,0.0,0.6238,0.6634,0.198,0.9406,0.2673,2.6931,0.5743,0.2079,0.9505,0.5347,0.2178,0.9901,2.901,0.802,0.8416,0.8416,0.8416,0.297,0.8416,0.7723,0.4554,0.198,2.5643,0.4851,9.0,0.6832,0,0,0,1,0,1,0,1,0,0,1,2,0,0,0,0,0,0,0,0,3,13197,793,153,438,150,2636,0,98,15,19,12,101,148,157,60,11,17,15.8,3.0,3.4,1.2,20.3,0.0,0.8,0.1,0.1,0.1,0.8,1.1,1.2,0.5,0.1,0.1,County,State,Illinois,IL,17017,Cass County
17,Illinois,IL,17019,Champaign County,17019,"Champaign County, Illinois",996.103784545836,206525,0,93444,191,82467,840,51239,2491,5064,740,23843,1376,6414,773,10026,951,27749,31,38942,72,20067,1092,4384,475,3128,582,72036,485,23732,1031,3241,370,802,226,9705,879,14069,320,26.6,1.3,4.8,0.7,28.9,1.6,5.3,0.6,4.9,0.5,13.4,0.1,18.9,0.1,9.8,0.5,5.3,0.6,1.6,0.3,34.9,0.2,25.4,1.1,3.5,0.4,1.0,0.2,11.8,1.0,6.8,0.2,0.8713,0.495,0.9703,0.0297,0.3564,2.7227,0.5842,0.0099,0.1089,0.0792,0.396,0.8713,1.4653,0.0495,0.9109,0.9109,0.9109,1.0,0.3069,0.2673,0.9703,0.8515,3.396,0.901,8.4949,0.5842,0,0,1,0,0,1,0,0,0,0,0,0,1,1,1,0,0,1,0,2,4,216529,10872,744,26903,871,13328,0,22674,429,121,61,59,68,8102,1017,849,386,13.2,0.9,13.0,0.4,6.5,0.0,11.0,0.2,0.1,0.1,0.0,0.1,3.9,0.5,0.4,0.2,County,State,Illinois,IL,17019,Champaign County
17,Illinois,IL,17021,Christian County,17021,"Christian County, Illinois",709.482847093086,33893,0,15210,57,13473,314,6681,805,681,205,2647,341,2305,289,1430,295,6602,45,7110,126,4855,456,703,176,103,99,2366,159,667,169,759,194,71,34,668,180,1622,106,20.8,2.5,4.4,1.3,19.6,2.5,9.6,1.2,4.4,0.9,19.5,0.1,21.0,0.4,15.0,1.4,5.3,1.3,0.3,0.3,7.0,0.5,4.4,1.1,5.0,1.3,0.6,0.2,5.0,1.3,4.8,0.3,0.4554,0.3564,0.5149,0.5842,0.2079,2.1188,0.3564,0.396,0.3663,0.4356,0.396,0.396,1.9899,0.2178,0.3366,0.3366,0.3366,0.6139,0.4554,0.1089,0.3465,0.7525,2.2772,0.3564,6.7225,0.297,0,0,0,0,0,0,0,0,0,0,0,0,0,0,0,0,0,0,0,0,0,31384,2246,313,876,162,661,0,232,45,43,33,6,17,494,238,54,77,16.7,2.3,2.6,0.5,2.0,0.0,0.7,0.1,0.1,0.1,0.0,0.1,1.5,0.7,0.2,0.2,County,State,Illinois,IL,17021,Christian County
17,Illinois,IL,17023,Clark County,17023,"Clark County, Illinois",501.374645544208,15467,0,7365,41,6447,212,2652,430,300,139,1299,216,836,195,725,191,3009,17,3553,64,2041,255,324,107,19,71,595,31,120,77,550,151,66,54,327,107,231,26,17.5,2.8,4.0,1.8,20.1,3.3,7.8,1.8,4.8,1.3,19.5,0.1,23.0,0.4,13.4,1.7,5.0,1.7,0.1,0.5,3.8,0.2,1.6,1.0,7.5,2.1,1.0,0.7,5.1,1.6,1.5,0.2,0.2574,0.2574,0.5842,0.3366,0.3168,1.7524,0.2475,0.396,0.8218,0.2079,0.2772,0.0594,1.7623,0.1386,0.0495,0.0495,0.0495,0.2079,0.5842,0.2673,0.3762,0.3069,1.7425,0.2277,5.3067,0.099,0,0,0,0,0,0,0,0,0,0,0,0,0,0,0,0,0,0,0,0,0,12807,968,158,129,60,258,0,28,30,3,6,0,19,177,55,0,19,15.0,2.4,0.8,0.4,1.7,0.0,0.2,0.2,0.0,0.1,0.0,0.2,1.1,0.4,0.0,0.2,County,State,Illinois,IL,17023,Clark County
17,Illinois,IL,17025,Clay County,17025,"Clay County, Illinois",468.350622176182,13248,0,6171,38,5477,176,3429,564,372,146,1043,245,1099,205,833,175,2727,33,3022,0,2412,267,331,123,94,139,619,34,115,90,1118,213,108,68,290,127,347,28,26.4,4.3,6.0,2.3,19.0,4.4,11.9,2.2,6.4,1.3,20.6,0.2,22.8,0.0,18.5,2.0,6.0,2.2,0.8,1.1,4.7,0.3,1.8,1.5,18.1,3.4,1.9,1.1,5.3,2.3,2.6,0.2,0.8614,0.7327,0.4158,0.802,0.7426,3.5545,0.8614,0.6139,0.7822,0.802,0.6535,0.6832,3.5348,0.9901,0.1683,0.1683,0.1683,0.2277,0.9208,0.8119,0.4257,0.5743,2.9604,0.7129,10.218,0.8812,0,0,0,0,0,0,0,0,0,0,0,0,0,0,0,1,0,0,0,1,1,12218,901,155,61,42,26,30,42,38,73,69,0,19,394,70,23,34,16.5,2.9,0.5,0.3,0.2,0.2,0.3,0.3,0.6,0.5,0.0,0.3,3.0,0.5,0.2,0.3,County,State,Illinois,IL,17025,Clay County
17,Illinois,IL,17027,Clinton County,17027,"Clinton County, Illinois",473.941038208116,36998,0,15628,54,14493,228,5214,727,572,156,2514,344,2105,230,1902,369,6531,59,7894,8,5115,481,616,142,187,128,3304,92,310,86,1239,207,380,144,460,123,1953,102,14.9,2.1,3.0,0.8,17.3,2.4,8.0,0.9,5.4,1.0,17.7,0.2,21.3,0.1,14.5,1.4,4.2,1.0,0.5,0.4,8.9,0.2,2.0,0.6,7.9,1.3,2.6,0.9,3.2,0.9,5.3,0.3,0.1287,0.0792,0.2673,0.3663,0.5149,1.3564,0.1485,0.1584,0.4257,0.3366,0.099,0.5545,1.5742,0.0792,0.4158,0.4158,0.4158,0.2574,0.6139,0.9406,0.0594,0.7822,2.6535,0.5347,5.9999,0.2376,0,0,0,0,0,0,0,0,0,0,0,0,0,0,0,0,1,0,0,1,1,32054,1705,194,1085,145,1220,0,225,57,15,12,0,26,748,185,11,14,11.8,1.3,2.9,0.4,3.3,0.0,0.6,0.2,0.0,0.1,0.0,0.1,2.0,0.5,0.0,0.1,County,State,Illinois,IL,17027,Clinton County
17,Illinois,IL,17029,Coles County,17029,"Coles County, Illinois",508.271633446856,47076,0,22786,63,20385,392,12367,1010,1743,339,5369,533,2455,411,3205,550,8478,94,8501,19,7974,631,929,189,89,109,4840,183,2500,367,1035,235,395,207,1537,284,3552,78,28.3,2.3,6.9,1.3,26.3,2.6,8.1,1.4,6.9,1.2,18.0,0.2,18.1,0.1,17.2,1.4,4.5,0.9,0.2,0.2,10.3,0.4,11.0,1.6,4.5,1.0,2.0,0.9,7.5,1.4,7.5,0.2,0.9406,0.8614,0.9307,0.396,0.8218,3.9505,0.9406,0.2079,0.0495,0.6436,0.1584,0.2277,1.2871,0.0,0.4851,0.4851,0.4851,0.901,0.4059,0.8416,0.7624,0.8614,3.7723,0.9703,9.495,0.7822,1,0,1,0,0,2,0,0,0,0,0,0,0,0,1,0,0,0,0,1,3,52930,3038,438,1669,186,1385,0,435,139,23,22,0,26,1177,262,151,151,14.9,2.1,3.5,0.4,2.9,0.0,0.9,0.3,0.0,0.1,0.0,0.1,2.5,0.6,0.3,0.3,County,State,Illinois,IL,17029,Coles County
17,Illinois,IL,17031,Cook County,17031,"Cook County, Illinois",944.923878722832,5225367,0,2261319,575,2066248,3899,1087410,15810,198262,4006,622494,6872,429213,5797,466517,8901,793931,75,1121812,0,558448,6162,133604,3089,315886,5769,3077194,2148,545544,5680,17585,1185,65712,2104,365875,5138,85459,469,21.1,0.3,7.1,0.1,30.1,0.3,11.8,0.2,9.0,0.2,15.2,0.1,21.5,0.0,10.8,0.1,6.5,0.1,6.4,0.1,58.9,0.0,24.1,0.3,0.8,0.1,3.2,0.1,17.7,0.2,1.6,0.0,0.4752,0.8812,0.9802,0.7723,0.9505,4.0594,0.9604,0.0891,0.4653,0.099,0.7921,1.0,2.4455,0.495,1.0,1.0,1.0,0.9901,0.0297,0.9604,1.0,0.3366,3.3168,0.8713,10.8217,0.9505,0,0,1,0,1,2,0,0,0,0,1,1,1,1,1,0,1,1,0,3,7,5436081,247897,4064,1170790,3170,1352482,0,398558,2725,3917,494,1179,267,130587,4489,19681,2036,12.0,0.2,22.4,0.1,25.9,0.0,7.6,0.1,0.1,0.1,0.0,0.1,2.5,0.1,0.4,0.1,County,State,Illinois,IL,17031,Cook County
17,Illinois,IL,17033,Crawford County,17033,"Crawford County, Illinois",443.64326754852,18729,0,8481,33,7481,180,3049,338,287,90,1217,181,1542,239,1057,240,3637,34,3757,58,2744,235,345,106,75,78,1730,23,169,89,621,138,86,64,401,121,1685,46,17.9,2.0,3.3,1.0,16.3,2.4,11.4,1.8,6.2,1.4,19.4,0.2,20.1,0.3,16.0,1.4,4.6,1.4,0.4,0.4,9.2,0.1,2.0,1.0,7.3,1.6,1.2,0.8,5.4,1.6,9.0,0.2,0.2673,0.1188,0.1683,0.7327,0.7129,2.0,0.3168,0.3762,0.2376,0.5644,0.1881,0.4554,1.8217,0.1584,0.4455,0.4455,0.4455,0.2574,0.5644,0.3861,0.4455,0.9109,2.5643,0.4851,6.8315,0.3168,0,0,0,0,0,0,0,0,0,0,0,0,0,0,0,0,0,0,1,1,1,18065,910,140,845,136,459,0,66,56,26,44,0,19,312,124,22,25,12.2,1.9,4.5,0.7,2.5,0.0,0.4,0.3,0.1,0.2,0.0,0.2,1.7,0.7,0.1,0.1,County,State,Illinois,IL,17033,Crawford County
17,Illinois,IL,17035,Cumberland County,17035,"Cumberland County, Illinois",345.94352132745,10447,0,4734,24,4142,128,1643,290,105,64,541,113,488,167,610,176,2127,45,2346,4,1494,210,78,41,36,78,415,13,5,20,456,107,56,32,123,38,129,35,16.0,2.8,1.9,1.1,13.1,2.7,6.6,2.3,5.9,1.7,20.4,0.4,22.5,0.1,14.5,2.0,1.9,1.0,0.4,0.8,4.0,0.1,0.1,0.4,9.6,2.3,1.3,0.7,3.0,0.9,1.2,0.3,0.1782,0.0099,0.0198,0.1683,0.6535,1.0297,0.0693,0.5743,0.7327,0.3366,0.0,0.4554,2.099,0.297,0.0594,0.0594,0.0594,0.0099,0.703,0.4554,0.0297,0.198,1.396,0.1287,4.5841,0.0594,0,0,0,0,0,0,0,0,0,0,0,0,0,0,0,0,0,0,0,0,0,7066,615,107,12,16,175,102,8,20,0,19,0,19,212,92,8,13,14.8,2.5,0.1,0.2,1.7,1.0,0.1,0.2,0.0,0.3,0.0,0.3,2.0,0.9,0.1,0.1,County,State,Illinois,IL,17035,Cumberland County
17,Illinois,IL,17037,DeKalb County,17037,"DeKalb County, Illinois",631.336812335918,100686,0,41399,93,39139,422,21162,1575,3906,788,11807,932,4167,483,4442,582,13559,121,21631,56,11012,901,2534,375,1727,544,25728,183,5239,582,857,194,814,238,2601,425,4160,94,21.9,1.6,7.0,1.4,30.2,2.4,7.0,0.8,4.4,0.6,13.5,0.1,21.5,0.1,11.0,0.9,6.5,1.0,1.8,0.6,25.6,0.2,12.6,1.4,2.1,0.5,2.1,0.6,6.6,1.1,4.1,0.1,0.5248,0.8713,0.9901,0.2376,0.2079,2.8317,0.6238,0.0198,0.4653,0.1089,0.7921,0.8812,2.2673,0.3465,0.8317,0.8317,0.8317,0.9406,0.1485,0.8713,0.5842,0.7129,3.2575,0.8317,9.1882,0.7327,0,0,1,0,0,1,0,0,0,0,0,0,0,0,1,0,0,0,0,1,2,95981,3215,545,7590,398,12356,0,2371,274,73,87,0,29,3195,595,143,112,8.2,1.4,7.5,0.4,12.3,0.0,2.4,0.3,0.1,0.1,0.0,0.1,3.2,0.6,0.1,0.1,County,State,Illinois,IL,17037,Dekalb County
17,Illinois,IL,17039,De Witt County,17039,"De Witt County, Illinois",397.560859866946,15535,0,7333,32,6644,183,3085,489,436,131,1322,225,646,157,606,164,3039,27,3278,23,2009,272,365,106,2,73,904,20,180,79,422,110,15,16,229,82,247,51,20.2,3.2,5.4,1.6,19.9,3.3,5.8,1.4,4.0,1.1,19.6,0.2,21.1,0.1,13.1,1.8,5.5,1.6,0.0,0.5,5.8,0.1,2.5,1.1,5.8,1.5,0.2,0.2,3.4,1.2,1.6,0.3,0.4158,0.6634,0.5347,0.0594,0.1287,1.802,0.2673,0.4257,0.3861,0.1485,0.4752,0.0,1.4355,0.0297,0.2772,0.2772,0.2772,0.3564,0.495,0.0297,0.0693,0.3366,1.287,0.0891,4.8017,0.0891,0,0,0,0,0,0,0,0,0,0,0,0,0,0,0,0,0,0,0,0,0,13289,1027,152,131,55,470,0,30,24,21,23,0,19,252,79,0,19,15.5,2.3,0.8,0.4,3.0,0.0,0.2,0.2,0.1,0.1,0.0,0.2,1.6,0.5,0.0,0.2,County,State,Illinois,IL,17039,De Witt County
17,Illinois,IL,17041,Douglas County,17041,"Douglas County, Illinois",416.64661416244,19714,0,8484,44,7640,162,3502,448,301,81,1398,194,2020,226,3346,443,3654,81,4833,65,2590,264,357,119,160,90,2230,128,184,74,399,128,263,104,928,144,208,49,18.1,2.3,3.0,0.8,18.3,2.5,15.2,1.7,17.1,2.3,18.5,0.4,24.5,0.3,13.3,1.4,4.6,1.6,0.9,0.5,11.3,0.6,2.2,0.9,4.7,1.5,3.4,1.2,12.1,1.8,1.1,0.2,0.2772,0.0792,0.3465,0.9703,1.0,2.6732,0.5545,0.2673,0.9604,0.198,0.1881,0.7129,2.3267,0.396,0.5347,0.5347,0.5347,0.297,0.4257,1.0,0.9901,0.1683,2.8811,0.6337,8.4157,0.5545,0,0,0,1,1,2,0,1,0,0,0,1,0,0,0,0,1,1,0,2,5,17862,1708,209,219,44,1491,0,116,31,37,22,0,19,317,131,50,55,22.4,2.6,1.1,0.2,7.6,0.0,0.6,0.2,0.2,0.1,0.0,0.2,1.6,0.7,0.3,0.3,County,State,Illinois,IL,17041,Douglas County
17,Illinois,IL,17043,DuPage County,17043,"DuPage County, Illinois",327.834900846088,930559,0,365347,384,348870,1115,98461,4324,24398,1573,76450,2178,41844,1732,47832,2679,153019,46,207472,40,76195,2020,15073,958,31777,1825,330525,1151,65843,1686,1068,301,8566,740,14670,1014,12878,141,10.7,0.5,4.7,0.3,21.9,0.6,6.5,0.3,5.2,0.3,16.4,0.1,22.3,0.1,8.2,0.2,4.3,0.3,3.6,0.2,35.5,0.1,18.0,0.5,0.3,0.1,2.4,0.2,4.2,0.3,1.4,0.0,0.0297,0.4356,0.7426,0.1386,0.4752,1.8217,0.2772,0.1287,0.6634,0.0099,0.1188,0.9505,1.8713,0.1881,0.9307,0.9307,0.9307,0.9802,0.0099,0.901,0.198,0.2574,2.3465,0.396,6.9702,0.3366,0,0,0,0,0,0,0,0,0,0,1,1,1,1,1,0,1,0,0,2,4,1115616,22044,1028,44192,925,137806,0,116439,1171,303,105,184,79,28573,1781,3028,580,6.3,0.3,4.7,0.1,14.8,0.0,12.5,0.1,0.0,0.1,0.0,0.1,3.1,0.2,0.3,0.1,County,State,Illinois,IL,17043,Dupage County
17,Illinois,IL,17045,Edgar County,17045,"Edgar County, Illinois",623.323328646646,16852,0,8265,28,7598,158,3895,554,361,119,1284,256,1493,302,845,220,3920,44,3310,60,2942,318,391,104,35,76,589,3,335,134,702,177,119,91,560,169,387,22,23.6,3.4,4.6,1.5,16.9,3.4,12.1,2.4,5.1,1.3,23.3,0.3,19.6,0.4,17.8,1.9,5.1,1.4,0.2,0.5,3.5,0.0,4.1,1.6,8.5,2.1,1.6,1.1,7.4,2.2,2.3,0.1,0.6931,0.4158,0.2475,0.8317,0.4554,2.6435,0.5248,0.8614,0.1683,0.7228,0.297,0.2277,2.2772,0.3564,0.0099,0.0099,0.0099,0.5545,0.6535,0.6238,0.7228,0.5149,3.0695,0.7525,8.0001,0.4455,0,0,0,0,0,0,0,0,0,0,0,0,0,0,0,0,0,0,0,0,0,15388,1127,195,81,40,224,0,66,19,6,10,2,13,210,48,0,19,14.8,2.6,0.5,0.2,1.3,0.0,0.4,0.1,0.0,0.1,0.0,0.1,1.2,0.3,0.0,0.2,County,State,Illinois,IL,17045,Edgar County
17,Illinois,IL,17047,Edwards County,17047,"Edwards County, Illinois",222.39956669194,6182,0,3055,25,2625,99,1398,232,194,78,416,91,387,87,430,131,1338,14,1427,27,1133,146,135,48,53,69,270,25,5,18,577,100,35,21,122,54,34,5,22.8,3.8,6.7,2.7,15.8,3.4,8.9,2.0,7.0,2.1,21.6,0.2,23.1,0.4,18.4,2.4,5.2,1.8,0.9,1.2,4.4,0.4,0.2,0.6,18.9,3.3,1.4,0.7,4.6,2.1,0.5,0.1,0.604,0.8119,0.1287,0.4851,0.8515,2.8812,0.6535,0.7426,0.8416,0.7921,0.3465,0.7129,3.4357,0.9802,0.1188,0.1188,0.1188,0.0495,0.9406,0.5347,0.3069,0.0297,1.8614,0.2673,8.2971,0.505,0,0,0,0,0,0,0,0,0,0,0,0,0,0,0,1,0,0,0,1,1,5601,422,89,8,10,86,0,19,10,1,2,0,17,150,29,6,8,16.1,3.4,0.1,0.2,1.4,0.0,0.3,0.2,0.0,0.1,0.0,0.6,2.4,0.5,0.1,0.1,County,State,Illinois,IL,17047,Edwards County
17,Illinois,IL,17049,Effingham County,17049,"Effingham County, Illinois",478.76876186282,34594,0,15313,58,14098,247,5921,695,444,114,2188,269,1540,243,1797,346,6203,32,8268,38,4886,448,769,196,344,145,1676,81,649,171,1112,171,457,158,878,229,476,12,17.4,2.0,2.5,0.6,15.5,1.9,6.5,1.0,5.3,1.0,17.9,0.1,23.9,0.1,14.3,1.3,5.5,1.4,1.1,0.4,4.8,0.2,4.2,1.1,7.3,1.1,3.3,1.0,6.2,1.6,1.4,0.0,0.2376,0.0297,0.1089,0.1386,0.495,1.0098,0.0594,0.198,0.9109,0.3069,0.4752,0.7921,2.6831,0.6634,0.1881,0.1881,0.1881,0.5941,0.5644,0.9703,0.5446,0.2574,2.9308,0.6931,6.8118,0.3069,0,0,0,0,0,0,0,1,0,0,0,1,0,0,0,0,1,0,0,1,2,38766,1620,233,190,125,772,0,231,53,16,8,0,26,445,167,22,22,11.5,1.6,0.5,0.4,2.2,0.0,0.7,0.2,0.0,0.1,0.0,0.1,1.3,0.5,0.1,0.1,County,State,Illinois,IL,17049,Effingham County
17,Illinois,IL,17051,Fayette County,17051,"Fayette County, Illinois",716.44240205263,21464,0,8839,67,7678,203,4836,595,360,106,1501,219,2037,314,1613,330,4118,103,4332,5,3705,368,449,124,196,139,2288,44,174,71,1178,182,202,70,428,132,1159,60,24.0,2.9,3.8,1.2,19.5,2.8,13.4,2.0,7.9,1.6,19.2,0.5,20.2,0.1,18.2,1.8,5.8,1.6,1.0,0.7,10.7,0.2,2.0,0.8,13.3,2.1,2.6,0.8,5.6,1.7,5.4,0.3,0.7426,0.2277,0.4851,0.8812,0.9109,3.2475,0.7525,0.3366,0.2574,0.7624,0.6139,0.7426,2.7129,0.6832,0.505,0.505,0.505,0.2574,0.8713,0.9406,0.4554,0.7921,3.3168,0.8713,9.7822,0.8416,0,0,0,0,1,1,0,0,0,0,0,0,0,0,0,0,1,0,0,1,2,16544,1488,196,742,162,492,0,100,92,95,97,92,116,767,166,0,23,19.4,2.5,3.5,0.8,2.3,0.0,0.5,0.4,0.4,0.4,0.4,0.5,3.6,0.8,0.0,0.2,County,State,Illinois,IL,17051,Fayette County
17,Illinois,IL,17053,Ford County,17053,"Ford County, Illinois",485.596673028852,13484,0,6266,28,5689,139,2707,385,316,113,1233,203,772,118,868,189,2524,37,3080,58,2019,226,357,89,62,99,1229,130,316,114,205,102,33,21,425,121,387,8,20.8,3.0,4.7,1.7,21.7,3.5,8.3,1.3,6.6,1.4,18.7,0.3,22.8,0.4,15.4,1.7,6.3,1.6,0.5,0.8,9.1,1.0,5.1,1.8,3.3,1.6,0.6,0.3,7.5,2.1,2.9,0.1,0.4554,0.4356,0.7228,0.4257,0.7822,2.8217,0.6139,0.2871,0.7822,0.4851,0.7228,0.5545,2.8317,0.7426,0.4257,0.4257,0.4257,0.7129,0.2772,0.1089,0.7624,0.6535,2.5149,0.4455,8.594,0.5941,0,0,0,0,0,0,0,0,0,0,0,0,0,0,0,0,0,0,0,0,0,12813,878,155,72,51,553,0,90,29,19,16,0,19,412,137,83,70,15.4,2.7,0.5,0.4,4.1,0.0,0.7,0.2,0.1,0.1,0.0,0.3,3.1,1.0,0.6,0.5,County,State,Illinois,IL,17053,Ford County
17,Illinois,IL,17055,Franklin County,17055,"Franklin County, Illinois",408.926408919144,37810,0,18478,56,16095,283,11271,842,1136,239,3589,367,2684,331,2561,362,7741,46,8357,34,7463,533,813,140,43,98,1960,120,365,105,2049,253,285,101,1125,197,465,10,30.3,2.3,6.7,1.4,22.3,2.2,10.1,1.2,6.9,1.0,20.5,0.1,22.1,0.1,20.0,1.4,5.1,0.9,0.1,0.3,5.2,0.3,2.0,0.6,11.1,1.4,1.8,0.5,7.0,1.2,1.2,0.0,0.9604,0.8119,0.7822,0.6337,0.8218,4.01,0.9505,0.5941,0.6436,0.8713,0.297,0.0594,2.4654,0.5149,0.2475,0.2475,0.2475,0.2574,0.7525,0.7723,0.6337,0.198,2.6139,0.5149,9.3368,0.7624,1,0,0,0,0,1,0,0,0,0,0,0,0,0,0,0,0,0,0,0,1,31880,2822,276,154,62,730,0,99,80,23,12,0,26,941,160,13,13,17.5,1.7,0.4,0.2,1.9,0.0,0.3,0.2,0.1,0.1,0.0,0.1,2.5,0.4,0.0,0.1,County,State,Illinois,IL,17055,Franklin County
17,Illinois,IL,17057,Fulton County,17057,"Fulton County, Illinois",865.683091899272,33691,0,15895,44,13955,212,7707,638,1064,179,2776,348,2464,254,1327,232,6938,50,6696,19,4475,370,678,176,31,88,2688,43,388,120,487,110,116,52,697,143,2029,50,24.4,2.0,6.8,1.1,19.9,2.5,10.1,1.0,4.2,0.7,20.6,0.1,19.9,0.1,14.1,1.2,4.8,1.3,0.1,0.3,8.0,0.1,2.4,0.8,3.1,0.7,0.8,0.3,5.0,1.0,6.0,0.1,0.7822,0.8515,0.5347,0.6337,0.1782,2.9803,0.6832,0.6139,0.2079,0.2574,0.2178,0.0594,1.3564,0.0099,0.3861,0.3861,0.3861,0.3465,0.2574,0.1782,0.3465,0.8119,1.9405,0.2772,6.6633,0.2871,0,0,0,0,0,0,0,0,0,0,0,0,0,0,0,0,0,0,0,0,0,26679,2091,286,873,120,966,0,103,41,153,70,0,26,556,109,37,30,15.0,2.0,2.6,0.4,2.9,0.0,0.3,0.1,0.5,0.2,0.0,0.1,1.7,0.3,0.1,0.1,County,State,Illinois,IL,17057,Fulton County
17,Illinois,IL,17059,Gallatin County,17059,"Gallatin County, Illinois",322.940982320096,4967,0,2512,16,2155,76,1453,222,179,97,299,77,469,108,142,60,1227,51,948,29,1129,145,186,56,5,47,294,12,20,16,537,82,35,19,167,58,14,3,29.3,4.5,7.8,4.2,13.9,3.5,12.8,2.9,2.9,1.2,24.7,1.0,19.1,0.6,22.8,2.9,8.7,2.6,0.1,1.0,5.9,0.2,0.8,0.6,21.4,3.3,1.6,0.8,7.7,2.7,0.3,0.1,0.9505,0.9307,0.0396,0.8713,0.0396,2.8317,0.6238,0.9604,0.1287,0.9604,0.9802,0.0594,3.0891,0.8713,0.297,0.297,0.297,0.1188,0.9703,0.6238,0.7822,0.0198,2.5149,0.4455,8.7327,0.604,1,1,0,0,0,2,1,0,1,1,0,3,0,0,0,1,0,0,0,1,6,3820,534,99,15,23,16,19,6,11,21,24,0,12,236,38,0,12,24.8,4.5,0.3,0.5,0.3,0.4,0.1,0.2,0.4,0.5,0.0,0.7,4.8,0.8,0.0,0.7,County,State,Illinois,IL,17059,Gallatin County
17,Illinois,IL,17061,Greene County,17061,"Greene County, Illinois",543.143813960996,12015,0,5820,22,4543,158,2743,350,198,90,788,126,817,131,649,188,2402,18,2585,61,2053,261,290,81,1,73,426,22,4,19,598,113,31,37,160,55,251,36,23.4,3.0,3.4,1.6,17.3,2.7,9.6,1.5,5.5,1.6,20.0,0.1,21.5,0.5,17.5,2.2,6.4,1.8,0.0,0.6,3.5,0.2,0.1,0.3,10.3,1.9,0.7,0.6,3.5,1.2,2.1,0.3,0.6634,0.1584,0.2673,0.5842,0.5347,2.208,0.3861,0.505,0.4653,0.6832,0.7723,0.0,2.4258,0.4653,0.0099,0.0099,0.0099,0.0099,0.7327,0.1386,0.1089,0.4752,1.4653,0.1386,6.109,0.2673,0,0,0,0,0,0,0,0,0,0,0,0,0,0,0,0,0,0,0,0,0,8655,809,132,103,29,158,0,25,25,10,12,1,2,114,46,15,12,17.8,2.8,0.9,0.2,1.3,0.0,0.2,0.2,0.1,0.1,0.0,0.1,0.9,0.4,0.1,0.1,County,State,Illinois,IL,17061,Greene County
17,Illinois,IL,17063,Grundy County,17063,"Grundy County, Illinois",418.127372089434,52624,0,21195,43,20376,252,6353,929,1162,271,4229,492,2109,316,1799,401,7564,103,12984,37,4600,453,1278,288,246,159,8360,240,1028,285,921,233,223,97,869,194,379,6,12.2,1.8,4.2,1.0,20.8,2.4,6.0,0.9,3.4,0.8,14.4,0.2,24.7,0.1,8.8,0.9,6.3,1.4,0.5,0.3,15.9,0.5,4.9,1.3,4.3,1.1,1.1,0.5,4.3,1.0,0.7,0.0,0.0693,0.297,0.6436,0.0792,0.0693,1.1584,0.099,0.0495,0.9802,0.0198,0.7228,0.5545,2.3268,0.4059,0.6931,0.6931,0.6931,0.6832,0.3663,0.3465,0.2376,0.0693,1.7029,0.2178,5.8812,0.198,0,0,0,0,0,0,0,1,0,0,0,1,0,0,0,0,0,0,0,0,1,53444,2169,287,949,175,5751,0,314,151,39,26,0,29,1151,306,156,187,10.6,1.4,1.8,0.3,10.9,0.0,0.6,0.3,0.1,0.1,0.0,0.1,2.2,0.6,0.3,0.4,County,State,Illinois,IL,17063,Grundy County
17,Illinois,IL,17065,Hamilton County,17065,"Hamilton County, Illinois",434.64721450116,8008,0,3821,16,3271,168,1992,368,157,79,571,146,779,202,555,189,1767,51,1753,58,1745,242,173,76,9,67,393,20,53,39,781,134,23,16,146,62,112,4,25.2,4.6,4.4,2.3,17.5,4.4,13.7,3.6,7.0,2.4,22.1,0.6,21.9,0.7,22.0,3.0,5.3,2.3,0.1,0.9,4.9,0.2,1.4,1.0,20.4,3.5,0.7,0.4,4.5,1.9,1.4,0.0,0.802,0.3564,0.297,0.9307,0.8515,3.2376,0.7426,0.7921,0.5644,0.9505,0.396,0.0594,2.7624,0.703,0.198,0.198,0.198,0.1881,0.9505,0.1386,0.2871,0.2574,1.8217,0.2475,8.0197,0.4653,0,0,0,1,0,1,0,0,1,0,0,1,0,0,0,1,0,0,0,1,3,5394,748,161,8,19,158,0,34,44,13,23,24,42,142,57,14,20,22.9,4.6,0.1,0.2,2.0,0.0,0.4,0.5,0.2,0.3,0.3,0.5,1.8,0.7,0.2,0.3,County,State,Illinois,IL,17065,Hamilton County
17,Illinois,IL,17067,Hancock County,17067,"Hancock County, Illinois",793.747995072828,17582,0,8956,44,7510,190,3735,443,403,100,1144,183,705,137,848,193,4162,45,3661,18,3236,280,401,98,31,72,853,81,112,56,541,120,57,29,319,75,256,37,21.5,2.6,4.7,1.1,15.2,2.4,5.6,1.1,4.9,1.1,23.7,0.3,20.8,0.1,18.6,1.6,5.3,1.3,0.2,0.4,4.9,0.5,1.2,0.6,6.0,1.3,0.8,0.3,4.2,1.0,1.5,0.2,0.505,0.4356,0.099,0.0396,0.3564,1.4356,0.1782,0.9109,0.3267,0.8119,0.396,0.2277,2.6732,0.6535,0.198,0.198,0.198,0.1485,0.5149,0.1782,0.198,0.3069,1.3465,0.1089,5.6533,0.1584,0,0,0,0,0,0,1,0,0,0,0,1,0,0,0,0,0,0,0,0,1,13610,1346,174,127,46,313,0,56,20,11,12,3,5,343,87,0,19,17.9,2.3,0.7,0.3,1.8,0.0,0.3,0.1,0.1,0.1,0.0,0.1,2.0,0.5,0.0,0.2,County,State,Illinois,IL,17067,Hancock County
17,Illinois,IL,17069,Hardin County,17069,"Hardin County, Illinois",177.388808663588,3665,0,2263,91,1480,122,801,201,33,30,164,62,379,109,187,94,1136,102,506,73,1062,177,65,39,10,49,118,45,0,16,404,97,18,14,123,88,89,9,22.3,5.6,2.6,2.3,11.1,4.1,12.7,3.6,5.2,2.6,31.0,2.8,13.8,2.0,29.5,4.9,4.4,2.6,0.3,1.4,3.2,1.2,0.0,0.7,17.9,4.3,1.2,0.6,8.3,6.0,2.4,0.2,0.5644,0.0396,0.0,0.8614,0.4752,1.9406,0.297,1.0,0.0,1.0,0.1386,0.396,2.5346,0.5545,0.0,0.0,0.0,0.0,0.9109,0.3861,0.8119,0.5347,2.6436,0.5248,7.1188,0.3465,0,0,0,0,0,0,1,0,1,0,0,2,0,0,0,1,0,0,0,1,3,3079,355,104,40,18,38,36,0,12,0,12,0,12,33,30,7,11,24.0,6.8,1.1,0.5,1.0,1.0,0.0,0.9,0.0,0.9,0.0,0.9,0.9,0.8,0.2,0.3,County,State,Illinois,IL,17069,Hardin County
17,Illinois,IL,17071,Henderson County,17071,"Henderson County, Illinois",378.79262388709,6374,0,3387,18,2745,100,1099,190,252,101,343,83,334,91,135,57,1660,28,1197,27,1095,165,87,31,8,66,362,39,21,24,347,106,27,31,80,31,59,8,17.4,3.0,7.9,3.1,12.5,3.0,7.0,1.9,2.1,0.9,26.0,0.4,18.8,0.4,17.3,2.6,3.2,1.1,0.1,1.1,5.7,0.6,0.6,0.7,10.2,3.1,1.0,0.9,2.9,1.1,0.9,0.1,0.2376,0.9505,0.0099,0.2376,0.0099,1.4455,0.1881,0.9802,0.099,0.6535,0.0396,0.0594,1.8317,0.1683,0.2673,0.2673,0.2673,0.099,0.7228,0.2673,0.0198,0.099,1.2079,0.0495,4.7524,0.0792,0,1,0,0,0,1,1,0,0,0,0,1,0,0,0,0,0,0,0,0,2,3437,493,91,11,13,120,0,0,17,2,3,0,17,194,28,35,31,18.0,3.4,0.2,0.2,1.9,0.0,0.0,0.5,0.0,0.1,0.0,0.5,3.0,0.4,0.5,0.5,County,State,Illinois,IL,17071,Henderson County
17,Illinois,IL,17073,Henry County,17073,"Henry County, Illinois",823.061088643518,49157,0,22213,41,20187,361,7481,831,1101,236,3317,411,2627,327,2103,388,10311,70,10790,15,6554,516,1155,237,241,133,5647,219,644,167,443,158,212,95,1243,266,689,13,15.5,1.7,4.5,1.0,16.4,2.0,7.5,0.9,4.3,0.8,21.0,0.1,22.0,0.1,13.5,1.1,5.7,1.2,0.5,0.3,11.5,0.4,2.9,0.8,2.0,0.7,1.0,0.4,6.2,1.3,1.4,0.0,0.1584,0.4059,0.1881,0.297,0.1881,1.2375,0.1386,0.703,0.5941,0.2178,0.5842,0.5545,2.6536,0.6337,0.5446,0.5446,0.5446,0.4554,0.1287,0.2673,0.5446,0.2574,1.6534,0.2079,6.0891,0.2574,0,0,0,0,0,0,0,0,0,0,0,0,0,0,0,0,0,0,0,0,0,40025,3329,378,1019,170,3067,0,229,53,11,11,14,20,1067,240,240,172,16.5,1.8,2.1,0.3,6.2,0.0,0.5,0.1,0.0,0.1,0.0,0.1,2.2,0.5,0.5,0.3,County,State,Illinois,IL,17073,Henry County
17,Illinois,IL,17075,Iroquois County,17075,"Iroquois County, Illinois",1117.394511616176,27043,0,12815,52,11217,246,5858,460,642,117,2328,253,2159,215,1564,216,5904,64,5817,0,4652,379,448,101,337,108,3110,104,201,77,508,138,108,59,490,114,419,8,22.2,1.7,4.9,0.9,20.8,2.2,11.3,1.1,5.9,0.8,21.8,0.2,21.5,0.0,17.5,1.4,4.0,0.9,1.3,0.4,11.5,0.4,1.6,0.6,4.0,1.1,1.0,0.5,4.4,1.0,1.5,0.0,0.5446,0.505,0.6436,0.7228,0.6535,3.0695,0.6931,0.7525,0.4653,0.6832,0.0792,0.8416,2.8218,0.7327,0.5446,0.5446,0.5446,0.2079,0.3465,0.2673,0.2574,0.3069,1.386,0.1188,7.8219,0.4158,0,0,0,0,0,0,0,0,0,0,0,0,0,0,0,0,0,0,0,0,0,21214,1775,201,258,68,2042,0,74,20,20,14,0,23,659,101,57,69,15.8,1.7,1.0,0.3,7.6,0.0,0.3,0.1,0.1,0.1,0.0,0.1,2.4,0.4,0.2,0.3,County,State,Illinois,IL,17075,Iroquois County
17,Illinois,IL,17077,Jackson County,17077,"Jackson County, Illinois",583.569850122588,53176,0,27835,89,23133,436,18145,932,2065,353,7732,659,2614,364,3743,495,8523,83,9859,0,8637,525,1677,258,445,208,14363,261,4239,487,3181,295,403,128,2643,345,3455,42,36.4,1.9,8.1,1.3,33.4,2.8,8.2,1.1,7.1,0.9,16.0,0.2,18.5,0.0,16.4,1.0,7.3,1.1,0.9,0.4,27.0,0.5,15.2,1.7,11.4,1.1,1.8,0.5,11.4,1.5,6.5,0.1,0.9901,0.9703,1.0,0.4059,0.8812,4.2475,0.9901,0.1089,0.0792,0.5842,0.8812,0.7129,2.3664,0.4356,0.8515,0.8515,0.8515,0.9604,0.7822,0.7723,0.9604,0.8416,4.3169,1.0,11.7823,0.9901,1,1,1,0,0,3,0,0,0,0,0,0,0,0,1,0,0,1,0,2,5,54981,3267,394,7675,306,2490,0,1935,115,62,57,27,27,1826,350,348,254,14.1,1.6,14.4,0.6,4.7,0.0,3.6,0.2,0.1,0.1,0.1,0.1,3.4,0.7,0.7,0.5,County,State,Illinois,IL,17077,Jackson County
17,Illinois,IL,17079,Jasper County,17079,"Jasper County, Illinois",494.613504155342,9295,0,4225,37,3710,137,1538,354,238,94,621,133,434,158,520,163,1862,16,2091,35,1552,213,136,70,32,78,337,17,96,59,347,82,49,41,168,77,91,27,16.7,3.8,4.9,2.0,16.7,3.5,6.7,2.4,5.6,1.8,20.0,0.2,22.5,0.4,16.8,2.3,3.7,1.9,0.4,0.9,3.6,0.2,2.3,1.4,8.2,1.9,1.3,1.0,4.5,2.1,1.0,0.3,0.2079,0.505,0.2376,0.1881,0.5644,1.703,0.2376,0.505,0.7327,0.6139,0.0594,0.4554,2.3664,0.4356,0.0396,0.0396,0.0396,0.3366,0.6436,0.4554,0.2871,0.1089,1.8316,0.2574,5.9406,0.2277,0,0,0,0,0,0,0,0,0,0,0,0,0,0,0,0,0,0,0,0,0,6061,519,96,22,15,170,0,12,15,0,17,3,5,130,21,0,17,14.0,2.6,0.2,0.2,1.8,0.0,0.1,0.2,0.0,0.4,0.0,0.1,1.4,0.2,0.0,0.4,County,State,Illinois,IL,17079,Jasper County
17,Illinois,IL,17081,Jefferson County,17081,"Jefferson County, Illinois",571.234239872694,37043,0,16659,45,14778,247,8016,588,1128,212,3077,289,2429,232,2508,335,7255,50,8269,0,6717,450,1163,196,124,83,5808,199,927,180,2890,247,212,71,913,160,1657,44,22.8,1.7,6.5,1.2,20.8,1.9,9.4,0.9,7.1,0.9,19.6,0.1,22.3,0.0,18.9,1.3,7.9,1.3,0.4,0.2,15.7,0.5,5.6,1.1,17.3,1.5,1.4,0.4,6.2,1.1,4.5,0.1,0.604,0.7921,0.6436,0.5545,0.8812,3.4754,0.8515,0.4257,0.6634,0.8218,0.9307,0.4554,3.297,0.9406,0.6832,0.6832,0.6832,0.7624,0.901,0.5347,0.5446,0.7327,3.4754,0.9604,10.931,0.9604,0,0,0,0,0,0,0,0,0,1,0,1,0,0,0,1,0,0,0,1,2,41693,2278,216,2406,255,1081,0,361,86,67,69,6,10,1812,334,75,43,15.4,1.5,6.5,0.7,2.9,0.0,1.0,0.2,0.2,0.2,0.0,0.1,4.9,0.9,0.2,0.1,County,State,Illinois,IL,17081,Jefferson County
17,Illinois,IL,17083,Jersey County,17083,"Jersey County, Illinois",369.555030061754,21462,0,9834,27,7735,312,3087,652,367,148,1345,270,1001,271,937,324,4276,78,4210,69,3136,398,403,157,42,95,1011,39,58,41,634,156,9,25,318,129,941,35,15.1,3.2,3.4,1.4,17.4,3.4,6.7,1.8,4.4,1.5,19.9,0.4,19.6,0.3,14.8,1.9,5.2,2.0,0.2,0.5,4.7,0.2,0.6,0.4,6.4,1.6,0.1,0.3,4.1,1.6,4.4,0.2,0.1386,0.1584,0.2871,0.1881,0.2079,0.9801,0.0495,0.495,0.1683,0.3861,0.3465,0.2277,1.6236,0.0891,0.1683,0.1683,0.1683,0.099,0.5248,0.0,0.1683,0.7228,1.5149,0.1584,4.2869,0.0396,0,0,0,0,0,0,0,0,0,0,0,0,0,0,0,0,0,0,0,0,0,15761,1160,233,151,80,319,0,127,87,0,23,38,58,356,112,20,22,15.0,3.0,0.7,0.4,1.5,0.0,0.6,0.4,0.0,0.2,0.2,0.3,1.7,0.5,0.1,0.1,County,State,Illinois,IL,17083,Jersey County
17,Illinois,IL,17085,Jo Daviess County,17085,"Jo Daviess County, Illinois",600.9234948612919,21942,0,13439,35,10074,248,3299,479,305,82,2182,285,1069,216,1030,222,6344,45,4059,0,3305,342,501,123,44,81,1444,95,444,189,304,111,82,44,725,199,213,17,15.2,2.2,2.7,0.8,21.7,2.8,6.5,1.3,4.7,1.0,28.9,0.2,18.5,0.0,15.2,1.6,5.0,1.2,0.2,0.4,6.6,0.4,3.3,1.4,2.3,0.8,0.8,0.3,7.2,2.0,1.0,0.1,0.1485,0.0495,0.7228,0.1386,0.3069,1.3663,0.1584,0.9901,0.0792,0.4752,0.2772,0.2277,2.0494,0.2574,0.3168,0.3168,0.3168,0.4851,0.1584,0.1782,0.6832,0.1089,1.6138,0.1683,5.3463,0.1188,0,0,0,0,0,0,1,0,0,0,0,1,0,0,0,0,0,0,0,0,1,19320,1552,211,175,57,725,0,111,18,30,26,16,13,365,101,22,18,15.4,2.1,0.8,0.3,3.3,0.0,0.5,0.1,0.1,0.1,0.1,0.1,1.7,0.5,0.1,0.1,County,State,Illinois,IL,17085,Jo Daviess County
17,Illinois,IL,17087,Johnson County,17087,"Johnson County, Illinois",343.736332178658,13313,0,5536,26,4106,194,2571,410,132,55,653,131,1463,189,804,182,2613,42,2703,174,1916,182,235,81,57,85,2464,64,74,35,1176,159,51,26,170,59,1896,44,22.7,3.6,2.9,1.1,15.9,3.1,15.4,2.0,7.0,1.6,19.6,0.3,20.3,1.3,16.8,1.6,5.7,2.0,0.4,0.7,18.5,0.5,1.3,0.6,21.2,2.9,1.2,0.5,4.1,1.4,14.2,0.3,0.5842,0.0594,0.1485,0.9802,0.8515,2.6238,0.5149,0.4257,0.2772,0.6139,0.5842,0.4554,2.3564,0.4257,0.7426,0.7426,0.7426,0.1584,0.9604,0.3861,0.1683,0.9901,2.6633,0.5446,8.3861,0.5248,0,0,0,1,0,1,0,0,0,0,0,0,0,0,0,1,0,0,1,2,3,11215,931,136,1178,185,537,0,42,16,0,19,0,19,697,217,10,17,22.7,3.0,8.8,1.4,4.0,0.0,0.3,0.1,0.0,0.3,0.0,0.3,5.2,1.6,0.1,0.1,County,State,Illinois,IL,17087,Johnson County
17,Illinois,IL,17089,Kane County,17089,"Kane County, Illinois",519.363324211474,517254,0,188854,119,182319,877,73207,3333,14237,1010,42638,1801,46157,1801,40564,2159,75215,43,127191,27,46801,1937,10408,868,26237,1309,230078,839,15737,931,1480,470,5978,634,8498,624,5230,100,14.3,0.7,5.0,0.4,23.4,1.0,13.5,0.5,7.9,0.4,14.5,0.1,24.6,0.1,9.1,0.4,5.7,0.5,5.4,0.3,44.5,0.2,8.4,0.5,0.8,0.2,3.3,0.3,4.7,0.3,1.0,0.0,0.1089,0.5644,0.8713,0.901,0.9109,3.3565,0.7921,0.0594,0.9703,0.0297,0.5842,0.9802,2.6238,0.604,0.9901,0.9901,0.9901,0.8713,0.0297,0.9703,0.3366,0.1089,2.3168,0.3762,9.2872,0.7525,0,0,0,1,1,2,0,1,0,0,1,2,1,1,0,0,1,0,0,1,6,490754,15439,1040,25719,956,168609,0,19899,733,364,130,235,4,12930,1268,2322,778,8.5,0.6,5.0,0.2,32.6,0.0,3.8,0.1,0.1,0.1,0.0,0.1,2.5,0.2,0.4,0.2,County,State,Illinois,IL,17089,Kane County
17,Illinois,IL,17091,Kankakee County,17091,"Kankakee County, Illinois",676.489836982108,107421,0,45312,82,40591,497,24391,1588,2768,395,11566,805,7245,570,5981,770,18495,79,24649,0,15418,782,3549,440,1057,265,32386,384,2833,384,3020,368,726,203,2784,360,4834,93,23.6,1.5,5.2,0.7,28.5,2.0,10.1,0.8,5.6,0.7,17.2,0.1,22.9,0.0,14.6,0.7,8.7,1.1,1.0,0.3,30.1,0.4,6.2,0.8,6.7,0.8,1.7,0.4,6.9,0.9,4.5,0.1,0.6931,0.5941,0.9604,0.6337,0.5644,3.4457,0.8317,0.1485,0.802,0.3663,0.9802,0.7426,3.0396,0.8614,0.8713,0.8713,0.8713,0.8218,0.5545,0.7129,0.6139,0.7327,3.4358,0.9307,10.7924,0.9406,0,0,1,0,0,1,0,0,0,1,0,1,0,0,0,0,0,0,0,0,2,104369,5816,497,15575,471,12337,0,1042,138,51,50,0,29,3163,584,218,144,14.3,1.2,14.5,0.4,11.5,0.0,1.0,0.1,0.0,0.1,0.0,0.1,2.9,0.5,0.2,0.1,County,State,Illinois,IL,17091,Kankakee County
17,Illinois,IL,17093,Kendall County,17093,"Kendall County, Illinois",320.237929708642,132795,0,45078,46,43878,365,10285,1739,3094,542,8351,965,5610,944,5269,1019,14312,122,36742,6,9634,1186,2643,551,2807,717,46553,640,2022,548,69,80,728,325,917,328,330,22,7.8,1.3,4.3,0.7,19.0,2.2,6.6,1.1,4.0,0.8,10.8,0.1,27.7,0.1,7.3,0.9,6.0,1.3,2.3,0.6,35.1,0.5,4.4,1.2,0.2,0.2,1.7,0.7,2.1,0.7,0.2,0.0,0.0099,0.3366,0.4158,0.1683,0.1287,1.0593,0.0891,0.0,1.0,0.0,0.6535,0.9208,2.5743,0.5842,0.9208,0.9208,0.9208,0.6139,0.0,0.7129,0.0,0.0099,1.3367,0.099,5.8911,0.2079,0,0,0,0,0,0,0,1,0,0,1,2,1,1,0,0,0,0,0,0,3,100222,2797,534,10362,577,27907,0,3908,453,53,36,0,29,3934,852,389,272,6.4,1.2,7.8,0.4,21.0,0.0,2.9,0.3,0.0,0.1,0.0,0.1,3.0,0.6,0.3,0.2,County,State,Illinois,IL,17093,Kendall County
17,Illinois,IL,17095,Knox County,17095,"Knox County, Illinois",716.38479563423,49751,0,23809,58,20734,362,12565,1055,1070,238,5391,514,3916,446,2646,386,10844,95,9937,86,7079,577,1063,225,385,161,9267,190,1808,298,895,192,250,104,1969,334,4107,88,27.4,2.3,4.9,1.1,26.0,2.4,11.2,1.3,5.6,0.8,21.8,0.2,20.0,0.2,15.0,1.2,5.2,1.1,0.8,0.3,18.6,0.4,7.6,1.3,3.8,0.8,1.2,0.4,9.5,1.6,8.3,0.2,0.9109,0.505,0.9208,0.7129,0.5644,3.614,0.8812,0.7525,0.2178,0.4356,0.3465,0.6832,2.4356,0.4851,0.7525,0.7525,0.7525,0.8416,0.3366,0.3861,0.901,0.8911,3.3564,0.8911,10.1585,0.8713,1,0,1,0,0,2,0,0,0,0,0,0,0,0,0,0,0,1,0,1,3,47829,4243,389,3973,279,3085,0,499,96,28,22,0,26,1506,306,176,137,20.5,1.8,8.0,0.6,6.2,0.0,1.0,0.2,0.1,0.1,0.0,0.1,3.0,0.6,0.4,0.3,County,State,Illinois,IL,17095,Knox County
17,Illinois,IL,17097,Lake County,17097,"Lake County, Illinois",443.605150014672,713159,0,269416,151,254794,853,94108,3808,18773,1250,56350,1926,43269,1782,47155,2494,106790,4,167959,64,67250,1829,13520,864,28950,1416,292777,825,33054,1410,4714,554,6167,680,12943,832,19446,138,13.5,0.5,5.0,0.3,22.1,0.8,9.2,0.4,6.8,0.4,15.0,0.1,23.6,0.1,9.7,0.3,5.3,0.3,4.3,0.2,41.1,0.1,12.3,0.5,1.7,0.2,2.4,0.3,5.1,0.3,2.7,0.0,0.0891,0.5644,0.7723,0.5347,0.8119,2.7724,0.604,0.0792,0.8911,0.0594,0.396,0.9703,2.396,0.4554,0.9802,0.9802,0.9802,0.9307,0.099,0.901,0.3762,0.6139,2.9208,0.6832,9.0694,0.703,0,0,0,0,0,0,0,0,0,0,1,1,1,1,1,0,1,0,0,2,4,727996,17964,1019,46314,1139,162456,0,59847,726,719,249,256,107,20000,1464,3185,747,7.1,0.4,6.5,0.2,22.8,0.0,8.4,0.1,0.1,0.1,0.0,0.1,2.8,0.2,0.4,0.1,County,State,Illinois,IL,17097,Lake County
17,Illinois,IL,17099,LaSalle County,17099,"LaSalle County, Illinois",1135.16300171827,109495,0,49796,128,45130,469,20800,1340,3048,404,9562,682,6911,489,4539,558,20944,81,23231,0,14473,784,2885,364,1210,273,17844,269,2104,324,1673,289,735,210,2649,274,3062,77,19.6,1.3,5.4,0.7,21.2,1.5,8.9,0.6,4.3,0.5,19.1,0.1,21.2,0.0,13.6,0.7,6.4,0.8,1.2,0.3,16.3,0.2,4.3,0.7,3.4,0.6,1.6,0.4,5.9,0.6,2.8,0.1,0.3762,0.6634,0.703,0.4851,0.1881,2.4158,0.4554,0.3267,0.4059,0.2277,0.7723,0.8218,2.5544,0.5743,0.703,0.703,0.703,0.604,0.297,0.6238,0.5149,0.6436,2.6833,0.5545,8.3565,0.5149,0,0,0,0,0,0,0,0,0,0,0,0,0,0,0,0,0,0,0,0,0,102900,6368,520,2906,234,11465,0,953,162,23,17,17,18,2273,333,207,152,14.1,1.2,2.7,0.2,10.5,0.0,0.9,0.1,0.0,0.1,0.0,0.1,2.1,0.3,0.2,0.1,County,State,Illinois,IL,17099,Lasalle County
17,Illinois,IL,17101,Lawrence County,17101,"Lawrence County, Illinois",372.178438324852,15302,0,6355,43,5426,196,3222,552,510,177,896,139,1644,239,1101,299,2730,35,2885,0,2612,340,296,96,192,118,2333,39,209,118,1006,209,49,27,224,72,1852,100,24.0,4.1,7.8,2.8,16.5,2.5,14.8,2.0,8.2,2.2,17.8,0.2,18.9,0.0,19.4,2.5,5.5,1.8,1.3,0.8,15.2,0.3,3.3,1.9,15.8,3.3,0.9,0.4,4.1,1.3,12.1,0.7,0.7426,0.9307,0.198,0.9604,0.9406,3.7723,0.9307,0.1881,0.1089,0.8317,0.4752,0.8416,2.4455,0.495,0.6634,0.6634,0.6634,0.4851,0.8911,0.2376,0.1683,0.9604,2.7425,0.5842,9.6237,0.8218,0,1,0,1,1,3,0,0,0,0,0,0,0,0,0,0,0,0,1,1,4,14461,773,154,1228,233,349,100,67,100,34,59,0,19,625,277,30,39,14.2,2.7,8.0,1.5,2.3,0.7,0.4,0.7,0.2,0.4,0.0,0.2,4.1,1.8,0.2,0.3,County,State,Illinois,IL,17101,Lawrence County
17,Illinois,IL,17103,Lee County,17103,"Lee County, Illinois",724.768323727424,34221,0,14993,75,13669,266,6324,719,551,141,3124,409,2498,304,1184,245,6999,79,6764,0,5235,433,732,183,172,113,5041,90,854,256,788,163,41,31,1069,296,2895,134,20.1,2.3,3.5,0.9,22.9,3.0,10.0,1.2,3.7,0.8,20.5,0.2,19.8,0.0,16.6,1.4,5.3,1.3,0.5,0.3,14.7,0.3,5.7,1.7,5.3,1.1,0.3,0.2,7.8,2.2,8.5,0.4,0.4059,0.1782,0.8317,0.6139,0.0891,2.1188,0.3564,0.5941,0.1881,0.604,0.396,0.5545,2.3367,0.4158,0.6535,0.6535,0.6535,0.7723,0.4851,0.0594,0.7921,0.901,3.0099,0.7426,8.1189,0.4752,0,0,0,0,0,0,0,0,0,0,0,0,0,0,0,0,0,0,1,1,1,30612,2221,319,1800,95,2322,0,209,32,7,10,0,26,703,135,0,26,16.2,2.3,5.3,0.3,6.8,0.0,0.6,0.1,0.0,0.1,0.0,0.1,2.1,0.4,0.0,0.1,County,State,Illinois,IL,17103,Lee County
17,Illinois,IL,17105,Livingston County,17105,"Livingston County, Illinois",1043.627480877454,35771,0,15909,72,14665,266,6473,709,643,160,2924,359,2390,275,1562,319,7079,109,7824,0,5042,356,1251,213,70,97,3981,66,649,188,946,187,234,128,763,192,2002,74,19.1,2.1,3.7,0.9,19.9,2.4,9.5,1.1,4.6,0.9,19.8,0.3,21.9,0.0,14.9,1.1,8.5,1.4,0.2,0.3,11.1,0.2,4.1,1.2,5.9,1.2,1.6,0.8,5.2,1.3,5.6,0.2,0.3366,0.2079,0.5347,0.5743,0.2871,1.9406,0.297,0.4653,0.5644,0.4257,0.9703,0.2277,2.6534,0.6238,0.5248,0.5248,0.5248,0.5545,0.505,0.6238,0.4059,0.802,2.8912,0.6535,8.01,0.4554,0,0,0,0,0,0,0,0,0,1,0,1,0,0,0,0,0,0,0,0,1,35076,2360,339,1271,173,1827,0,189,56,0,26,0,26,681,207,13,18,16.1,2.2,3.6,0.5,5.1,0.0,0.5,0.2,0.0,0.1,0.0,0.1,1.9,0.6,0.0,0.1,County,State,Illinois,IL,17105,Livingston County
17,Illinois,IL,17107,Logan County,17107,"Logan County, Illinois",618.052104296418,28027,0,11985,67,11101,207,4477,474,670,170,2148,274,1676,178,870,234,5301,58,5471,45,3905,353,700,193,29,82,3731,35,647,159,362,102,179,99,782,156,3390,141,18.2,1.9,5.2,1.3,19.3,2.4,8.5,0.9,3.4,0.9,18.9,0.2,19.5,0.2,15.4,1.4,6.3,1.7,0.1,0.3,13.3,0.1,5.4,1.3,3.0,0.9,1.6,0.8,7.0,1.4,12.1,0.5,0.2871,0.5941,0.4554,0.4554,0.0693,1.8613,0.2871,0.3168,0.1584,0.4851,0.7228,0.0594,1.7425,0.1287,0.5842,0.5842,0.5842,0.7228,0.2475,0.6238,0.6337,0.9604,3.1882,0.8218,7.3762,0.3663,0,0,0,0,0,0,0,0,0,0,0,0,0,0,0,0,0,0,1,1,1,25998,1772,237,1680,186,975,0,83,65,14,14,1,3,964,202,14,12,16.0,2.1,6.0,0.7,3.5,0.0,0.3,0.2,0.0,0.1,0.0,0.1,3.4,0.7,0.0,0.1,County,State,Illinois,IL,17107,Logan County
17,Illinois,IL,17109,McDonough County,17109,"McDonough County, Illinois",589.32277416971,27370,0,13655,33,11600,319,7738,621,1122,242,3282,381,933,165,1654,428,5144,101,4811,23,3979,351,592,163,88,92,3641,161,1582,294,710,195,93,83,1125,239,2712,40,31.3,2.5,8.0,1.7,28.3,3.2,5.6,1.0,6.1,1.6,18.8,0.4,17.6,0.1,14.8,1.3,5.1,1.4,0.3,0.4,13.3,0.6,11.6,2.2,5.2,1.4,0.8,0.6,9.7,2.0,9.9,0.1,0.9703,0.9604,0.9505,0.0396,0.6931,3.6139,0.8713,0.297,0.0198,0.3861,0.297,0.396,1.3959,0.0198,0.5842,0.5842,0.5842,0.9109,0.4653,0.1782,0.9208,0.9208,3.396,0.901,8.99,0.6733,1,1,1,0,0,3,0,0,0,0,0,0,0,0,1,0,0,1,1,3,6,26033,2417,328,1428,125,824,0,685,61,2,5,7,15,637,191,58,88,20.8,2.6,5.2,0.5,3.0,0.0,2.5,0.2,0.0,0.1,0.0,0.1,2.3,0.7,0.2,0.3,County,State,Illinois,IL,17109,Mcdonough County
17,Illinois,IL,17111,McHenry County,17111,"McHenry County, Illinois",603.396447669234,311133,0,119985,62,115467,628,30427,2690,8444,720,24360,1276,13030,840,15178,1260,48285,99,71397,0,30051,1243,5936,621,5534,607,66176,873,4661,450,743,210,1528,315,4361,420,1894,44,9.9,0.9,4.9,0.4,21.1,1.1,6.1,0.4,4.9,0.4,15.5,0.1,22.9,0.0,9.7,0.4,5.2,0.5,1.9,0.2,21.3,0.3,3.9,0.4,0.6,0.2,1.4,0.3,3.8,0.4,0.6,0.0,0.0198,0.505,0.6832,0.0891,0.3564,1.6535,0.2277,0.099,0.802,0.0594,0.3465,0.8911,2.198,0.3267,0.7822,0.7822,0.7822,0.5248,0.0198,0.5347,0.1485,0.0495,1.2773,0.0792,5.911,0.2178,0,0,0,0,0,0,0,0,0,0,0,0,0,0,0,0,0,0,0,0,0,257244,5908,537,4593,490,44625,0,8777,428,163,89,0,29,7361,1045,657,371,5.1,0.5,1.5,0.2,14.3,0.0,2.8,0.1,0.1,0.1,0.0,0.1,2.4,0.3,0.2,0.1,County,State,Illinois,IL,17111,Mchenry County
17,Illinois,IL,17113,McLean County,17113,"McLean County, Illinois",1183.247142091376,171284,0,74822,86,68491,651,32845,1575,2869,448,14540,889,4344,565,7595,870,23884,20,36489,40,16151,880,3789,499,1329,304,37196,283,12250,1069,2638,349,646,352,4021,440,8353,77,20.2,1.0,3.2,0.5,21.2,1.3,4.1,0.5,4.5,0.5,13.9,0.1,21.3,0.1,9.5,0.5,5.6,0.7,0.8,0.2,21.7,0.2,16.4,1.4,3.5,0.5,1.0,0.5,5.9,0.6,4.9,0.0,0.4158,0.099,0.703,0.0,0.2673,1.4851,0.198,0.0396,0.4257,0.0396,0.5446,0.6832,1.7327,0.1188,0.7921,0.7921,0.7921,0.9703,0.3069,0.2673,0.5149,0.7723,2.8317,0.604,6.8416,0.3267,0,0,0,0,0,0,0,0,0,0,0,0,0,0,1,0,0,0,0,1,1,183062,9040,631,14412,421,9103,0,8641,296,158,62,15,21,4509,559,358,190,13.2,0.9,8.4,0.2,5.3,0.0,5.0,0.2,0.1,0.1,0.0,0.1,2.6,0.3,0.2,0.1,County,State,Illinois,IL,17113,Mclean County
17,Illinois,IL,17115,Macon County,17115,"Macon County, Illinois",580.575443397526,103542,0,49757,58,43362,637,23624,1604,3485,468,8988,640,5436,576,4896,743,21037,83,23232,0,14398,789,2719,430,356,165,26140,126,4759,505,1225,221,582,195,4170,469,3206,40,23.6,1.6,7.2,0.9,20.7,1.4,7.6,0.8,4.8,0.7,20.3,0.1,22.4,0.0,14.2,0.8,6.3,1.0,0.4,0.2,25.2,0.1,9.6,1.0,2.5,0.4,1.3,0.4,9.6,1.1,3.1,0.0,0.6931,0.8911,0.6238,0.3168,0.3168,2.8416,0.6436,0.5545,0.7129,0.2871,0.7228,0.4554,2.7327,0.6931,0.8218,0.8218,0.8218,0.8911,0.2079,0.4554,0.9109,0.6733,3.1386,0.7822,9.5347,0.7921,0,0,0,0,0,0,0,0,0,0,0,0,0,0,0,0,0,1,0,1,1,109579,7396,530,17530,665,2614,0,1400,145,23,19,66,93,4231,667,276,121,17.1,1.2,16.9,0.6,2.5,0.0,1.4,0.1,0.0,0.1,0.1,0.1,4.1,0.6,0.3,0.1,County,State,Illinois,IL,17115,Macon County
17,Illinois,IL,17117,Macoupin County,17117,"Macoupin County, Illinois",862.973143506098,44907,0,21091,42,17567,365,9985,881,966,173,3343,378,2893,371,1834,366,9288,57,9331,18,6981,515,920,210,87,114,2241,173,276,132,1715,278,111,64,804,192,817,27,22.7,2.0,4.6,0.8,19.0,2.1,9.0,1.2,4.1,0.8,20.7,0.1,20.8,0.1,15.7,1.2,5.2,1.2,0.2,0.3,5.0,0.4,1.3,0.6,8.1,1.3,0.7,0.3,4.6,1.1,1.8,0.1,0.5842,0.4158,0.4158,0.505,0.1584,2.0792,0.3366,0.6535,0.3267,0.5149,0.3465,0.2277,2.0693,0.2871,0.2376,0.2376,0.2376,0.1584,0.6337,0.1386,0.3069,0.396,1.6336,0.1881,6.0197,0.2475,0,0,0,0,0,0,0,0,0,0,0,0,0,0,0,0,0,0,0,0,0,31972,2697,329,484,59,582,0,206,59,48,37,6,15,868,186,47,40,15.4,1.9,1.1,0.1,1.3,0.0,0.5,0.1,0.1,0.1,0.0,0.1,1.9,0.4,0.1,0.1,County,State,Illinois,IL,17117,Macoupin County
17,Illinois,IL,17119,Madison County,17119,"Madison County, Illinois",715.514914391964,265512,0,118715,86,108914,858,48588,2025,7146,740,24344,1272,12298,1000,13501,1278,46996,26,56841,33,41311,1705,6770,683,953,229,44274,504,5747,647,2825,354,1305,322,6140,527,5012,91,18.7,0.8,5.2,0.5,22.4,1.2,6.7,0.5,5.1,0.5,17.7,0.1,21.4,0.1,15.7,0.6,6.2,0.6,0.4,0.1,16.7,0.2,4.9,0.5,2.4,0.3,1.2,0.3,5.6,0.5,1.9,0.0,0.3069,0.5941,0.7921,0.1881,0.4554,2.3366,0.4455,0.1584,0.4554,0.5149,0.7129,0.4554,2.297,0.3663,0.7129,0.7129,0.7129,0.6832,0.1782,0.3861,0.4554,0.4356,2.1385,0.3366,7.485,0.3762,0,0,0,0,0,0,0,0,0,0,0,0,0,0,0,0,0,0,0,0,0,257906,12070,767,22557,734,9729,0,2509,318,182,67,35,39,8943,985,319,170,11.1,0.7,8.5,0.3,3.7,0.0,0.9,0.1,0.1,0.1,0.0,0.1,3.4,0.4,0.1,0.1,County,State,Illinois,IL,17119,Madison County
17,Illinois,IL,17121,Marion County,17121,"Marion County, Illinois",572.537380068832,37543,0,17431,59,15236,248,9501,802,1458,237,3028,295,2606,289,2419,316,7405,76,8792,9,6700,402,1008,146,86,98,3687,116,459,113,3160,287,186,63,1055,187,813,66,26.2,2.2,8.1,1.3,19.9,1.9,10.0,1.1,6.6,0.9,19.7,0.2,23.4,0.1,18.2,1.1,6.6,1.0,0.2,0.3,9.8,0.3,2.6,0.6,18.1,1.6,1.3,0.4,6.9,1.2,2.2,0.2,0.8515,0.9703,0.5347,0.6139,0.7822,3.7526,0.9109,0.4554,0.8614,0.7624,0.8218,0.2277,3.1287,0.8911,0.4752,0.4752,0.4752,0.3762,0.9208,0.4554,0.6139,0.505,2.8713,0.6238,10.2278,0.8911,0,1,0,0,0,1,0,0,0,0,0,0,0,0,0,1,0,0,0,1,2,34607,2371,253,1619,123,841,0,254,39,11,9,5,8,935,143,22,22,15.6,1.7,4.3,0.3,2.2,0.0,0.7,0.1,0.0,0.1,0.0,0.1,2.5,0.4,0.1,0.1,County,State,Illinois,IL,17121,Marion County
17,Illinois,IL,17123,Marshall County,17123,"Marshall County, Illinois",386.822199535518,11740,0,5828,41,4967,154,2264,294,229,67,905,117,681,120,466,97,2758,27,2432,30,1695,172,220,61,36,74,835,93,73,35,99,37,84,48,184,65,280,7,20.0,2.6,4.2,1.2,18.2,2.3,8.0,1.4,4.1,0.8,23.5,0.2,20.7,0.3,14.8,1.5,4.4,1.2,0.3,0.7,7.1,0.8,1.3,0.6,1.7,0.6,1.7,0.8,3.7,1.3,2.4,0.1,0.396,0.297,0.3366,0.3663,0.1584,1.5543,0.2079,0.8812,0.3168,0.3861,0.1386,0.396,2.1187,0.3069,0.3465,0.3465,0.3465,0.1584,0.099,0.7129,0.1386,0.5347,1.6436,0.198,5.6631,0.1683,0,0,0,0,0,0,0,0,0,0,0,0,0,0,0,0,0,0,0,0,0,9369,863,117,61,45,359,0,21,26,1,5,0,19,364,112,29,27,17.4,2.3,0.5,0.4,3.1,0.0,0.2,0.2,0.0,0.1,0.0,0.3,3.1,1.0,0.2,0.2,County,State,Illinois,IL,17123,Marshall County
17,Illinois,IL,17125,Mason County,17125,"Mason County, Illinois",539.351616642496,13074,0,6646,27,5788,134,2817,398,318,101,1058,163,820,135,630,193,2989,63,2696,42,2255,259,232,70,0,76,540,7,49,26,293,86,93,51,305,78,241,7,21.9,3.1,5.2,1.7,18.3,2.8,8.7,1.4,4.9,1.5,22.9,0.5,20.6,0.3,17.5,2.0,4.0,1.2,0.0,0.6,4.1,0.1,0.8,0.4,4.4,1.3,1.6,0.8,5.3,1.3,1.8,0.1,0.5248,0.5941,0.3465,0.4653,0.3564,2.2871,0.4257,0.8416,0.297,0.6832,0.0792,0.0,1.901,0.198,0.0792,0.0792,0.0792,0.1188,0.396,0.6238,0.4257,0.396,1.9603,0.2871,6.2276,0.2772,0,0,0,0,0,0,0,0,0,0,0,0,0,0,0,0,0,0,0,0,0,10376,820,144,65,47,178,0,40,30,8,9,0,19,249,58,0,19,14.2,2.5,0.5,0.4,1.4,0.0,0.3,0.2,0.1,0.1,0.0,0.3,1.9,0.4,0.0,0.3,County,State,Illinois,IL,17125,Mason County
17,Illinois,IL,17127,Massac County,17127,"Massac County, Illinois",237.15092564966,14135,0,6832,22,5413,234,3685,490,218,84,1247,224,1248,256,1102,341,2930,51,3053,4,2876,283,337,132,9,70,1946,124,190,91,1058,216,118,83,234,88,292,5,26.7,3.5,3.7,1.5,23.0,4.0,12.3,2.5,7.9,2.4,20.7,0.4,21.6,0.1,20.7,2.0,6.3,2.4,0.1,0.5,13.8,0.9,2.8,1.3,15.5,3.2,2.2,1.2,4.3,1.6,2.1,0.0,0.8812,0.2079,0.8515,0.8416,0.9109,3.6931,0.8911,0.6535,0.5149,0.9208,0.7228,0.0594,2.8714,0.7921,0.6238,0.6238,0.6238,0.4158,0.8812,0.8812,0.2376,0.4752,2.891,0.6436,10.0793,0.8614,0,0,0,0,1,1,0,0,1,0,0,1,0,0,0,0,0,0,0,0,2,10978,1343,203,896,135,454,0,56,62,0,19,0,19,509,149,31,51,24.8,3.6,6.3,1.0,3.2,0.0,0.4,0.4,0.0,0.2,0.0,0.2,3.6,1.1,0.2,0.4,County,State,Illinois,IL,17127,Massac County
17,Illinois,IL,17129,Menard County,17129,"Menard County, Illinois",314.391024187598,12284,0,5605,55,5085,136,1878,289,306,87,706,136,432,125,300,97,2451,43,2757,57,1889,237,279,87,24,82,600,26,106,46,237,88,21,13,204,73,121,9,15.5,2.4,4.9,1.4,13.9,2.6,5.0,1.4,2.5,0.8,20.0,0.3,22.4,0.5,15.6,2.0,5.5,1.7,0.2,0.7,4.9,0.2,1.9,0.8,4.2,1.6,0.4,0.2,4.0,1.4,1.0,0.1,0.1584,0.505,0.0396,0.0198,0.0297,0.7525,0.0297,0.505,0.7129,0.505,0.4752,0.2277,2.4258,0.4653,0.198,0.198,0.198,0.2475,0.3564,0.0891,0.1584,0.1089,0.9603,0.0396,4.3366,0.0495,0,0,0,0,0,0,0,0,0,0,0,0,0,0,0,0,0,0,0,0,0,7140,583,113,116,71,164,83,47,18,0,19,0,19,257,82,16,22,11.5,2.2,0.9,0.6,1.3,0.7,0.4,0.1,0.0,0.3,0.0,0.3,2.1,0.7,0.1,0.2,County,State,Illinois,IL,17129,Menard County
17,Illinois,IL,17131,Mercer County,17131,"Mercer County, Illinois",561.239561415576,15692,0,7311,59,6435,183,2987,439,249,67,1255,184,850,176,815,186,3381,16,3266,49,2191,219,326,109,55,68,919,61,200,86,241,62,24,28,324,102,167,33,19.3,2.8,3.3,0.8,19.5,2.8,7.6,1.6,5.3,1.2,21.5,0.1,20.8,0.3,14.1,1.4,5.1,1.7,0.4,0.5,5.9,0.4,2.8,1.2,3.3,0.8,0.3,0.4,5.0,1.6,1.1,0.2,0.3564,0.1188,0.4851,0.3168,0.495,1.7721,0.2574,0.7228,0.3267,0.2574,0.297,0.4554,2.0593,0.2772,0.297,0.297,0.297,0.4158,0.2772,0.0594,0.3465,0.1683,1.2672,0.0693,5.3956,0.1287,0,0,0,0,0,0,0,0,0,0,0,0,0,0,0,0,0,0,0,0,0,9330,816,149,96,43,436,0,67,22,0,19,0,19,313,74,7,11,12.7,2.3,0.6,0.3,2.8,0.0,0.4,0.1,0.0,0.2,0.0,0.2,2.0,0.5,0.0,0.1,County,State,Illinois,IL,17131,Mercer County
17,Illinois,IL,17133,Monroe County,17133,"Monroe County, Illinois",385.300464603264,34905,0,14560,32,13565,290,2590,470,323,135,2197,361,1068,292,724,241,6423,80,7713,94,3858,364,636,209,57,114,1519,121,374,162,237,111,35,39,472,156,264,15,7.5,1.4,1.7,0.7,16.2,2.6,4.3,1.2,2.1,0.7,18.4,0.2,22.1,0.3,11.1,1.1,4.7,1.5,0.2,0.3,4.4,0.3,2.6,1.1,1.6,0.8,0.2,0.3,3.5,1.2,0.8,0.0,0.0,0.0,0.1584,0.0099,0.0099,0.1782,0.0,0.2475,0.6436,0.1188,0.2079,0.2277,1.4455,0.0396,0.1188,0.1188,0.1188,0.3762,0.0792,0.0297,0.1089,0.0891,0.6831,0.0099,2.4256,0.0,0,0,0,0,0,0,0,0,0,0,0,0,0,0,0,0,0,0,0,0,0,25446,1199,186,217,74,581,0,214,46,25,26,0,26,338,108,144,111,8.8,1.4,0.6,0.2,1.7,0.0,0.6,0.1,0.1,0.1,0.0,0.1,1.0,0.3,0.4,0.3,County,State,Illinois,IL,17133,Monroe County
17,Illinois,IL,17135,Montgomery County,17135,"Montgomery County, Illinois",703.765606978906,28352,0,12539,64,11259,265,5625,679,678,159,2188,315,2116,261,1242,200,5927,76,5665,16,4527,318,435,116,64,81,2152,119,347,130,797,159,164,100,767,155,2279,88,21.6,2.6,5.6,1.3,19.4,2.8,10.3,1.3,4.8,0.8,20.9,0.3,20.0,0.1,17.3,1.2,3.9,1.0,0.2,0.3,7.6,0.4,2.8,1.0,6.4,1.3,1.5,0.8,6.8,1.4,8.0,0.3,0.5149,0.6931,0.4653,0.6634,0.3168,2.6535,0.5446,0.6931,0.2178,0.6535,0.0693,0.2277,1.8614,0.1782,0.3663,0.3663,0.3663,0.4158,0.5248,0.5743,0.5941,0.8812,2.9902,0.7228,7.8714,0.4257,0,0,0,0,0,0,0,0,0,0,0,0,0,0,0,0,0,0,0,0,0,26314,2125,263,780,84,536,0,132,46,36,25,0,23,623,144,45,68,18.9,2.3,2.8,0.3,1.9,0.0,0.5,0.2,0.1,0.1,0.0,0.1,2.2,0.5,0.2,0.2,County,State,Illinois,IL,17135,Montgomery County
17,Illinois,IL,17137,Morgan County,17137,"Morgan County, Illinois",568.958287888212,32882,0,15072,59,13293,307,7270,643,973,240,3034,365,2407,357,1361,318,6764,67,6284,17,5574,473,806,171,23,96,3987,63,718,177,1132,222,70,54,980,217,2515,60,23.8,2.1,6.4,1.6,22.8,2.7,10.4,1.5,4.4,1.0,20.6,0.2,19.1,0.1,17.8,1.5,6.1,1.3,0.1,0.3,12.1,0.2,4.7,1.2,7.5,1.5,0.5,0.4,7.4,1.6,7.6,0.2,0.7327,0.7822,0.8218,0.6733,0.2079,3.2179,0.7327,0.6139,0.1287,0.7228,0.703,0.0594,2.2278,0.3366,0.5743,0.5743,0.5743,0.6733,0.5842,0.099,0.7228,0.8713,2.9506,0.703,8.9706,0.6634,0,0,0,0,0,0,0,0,0,0,0,0,0,0,0,0,0,0,0,0,0,33561,2624,295,1630,229,887,0,253,51,31,29,0,26,1165,244,21,24,19.7,2.2,5.0,0.7,2.7,0.0,0.8,0.2,0.1,0.1,0.0,0.1,3.5,0.7,0.1,0.1,County,State,Illinois,IL,17137,Morgan County
17,Illinois,IL,17139,Moultrie County,17139,"Moultrie County, Illinois",335.957917425638,14531,0,6196,25,5824,100,2453,388,279,88,918,158,1328,233,1986,514,2730,43,3675,58,1881,195,378,120,17,75,611,28,277,83,264,94,197,79,691,138,349,13,17.2,2.7,4.1,1.3,15.8,2.7,13.6,2.4,13.9,3.6,18.8,0.3,25.3,0.4,13.2,1.4,6.5,2.1,0.1,0.5,4.2,0.2,4.4,1.3,4.3,1.5,3.3,1.3,11.9,2.4,2.4,0.1,0.2178,0.2772,0.1287,0.9109,0.9901,2.5247,0.4851,0.297,0.9901,0.1683,0.7921,0.0594,2.3069,0.3861,0.0891,0.0891,0.0891,0.6139,0.3663,0.9703,0.9802,0.5347,3.4654,0.9406,8.3861,0.5248,0,0,0,1,1,2,0,1,0,0,0,1,0,0,0,0,1,1,0,2,5,11953,1157,160,147,62,248,0,21,30,1,2,0,19,188,64,6,7,19.9,2.7,1.0,0.4,1.7,0.0,0.1,0.2,0.0,0.1,0.0,0.2,1.3,0.4,0.0,0.1,County,State,Illinois,IL,17139,Moultrie County
17,Illinois,IL,17141,Ogle County,17141,"Ogle County, Illinois",758.653251852318,51672,0,22640,43,20807,280,8778,938,1592,356,3985,411,3134,434,2483,531,9961,140,11503,18,7600,628,1134,240,599,231,7973,267,1011,278,575,176,348,104,1407,252,569,20,17.2,1.8,6.0,1.3,19.2,2.0,8.7,1.2,4.9,1.0,19.3,0.3,22.3,0.1,14.8,1.2,5.5,1.2,1.2,0.5,15.4,0.5,4.5,1.2,2.5,0.8,1.7,0.5,6.8,1.2,1.1,0.0,0.2178,0.7327,0.4455,0.4653,0.3564,2.2177,0.4059,0.3564,0.6634,0.3861,0.4752,0.8218,2.7029,0.6733,0.6733,0.6733,0.6733,0.6634,0.2079,0.7129,0.5941,0.1683,2.3466,0.4059,7.9405,0.4356,0,0,0,0,0,0,0,0,0,0,0,0,0,0,0,0,0,0,0,0,0,44758,2945,388,556,198,5645,0,249,55,53,49,0,29,1335,360,135,122,14.2,1.8,1.1,0.4,10.9,0.0,0.5,0.1,0.1,0.1,0.0,0.1,2.6,0.7,0.3,0.2,County,State,Illinois,IL,17141,Ogle County
17,Illinois,IL,17143,Peoria County,17143,"Peoria County, Illinois",618.694837871064,181186,0,84963,81,76414,718,42824,1870,5804,762,19166,1152,8704,723,11365,976,32044,31,42973,43,23531,1091,5176,564,1836,389,57991,387,10895,737,1197,223,1300,274,6596,604,4935,65,24.3,1.1,6.6,0.9,25.1,1.5,7.1,0.6,6.3,0.5,17.7,0.1,23.7,0.1,13.1,0.6,6.8,0.7,1.1,0.2,32.0,0.2,12.8,0.9,1.4,0.3,1.7,0.3,8.6,0.8,2.7,0.0,0.7624,0.802,0.901,0.2673,0.7228,3.4555,0.8416,0.1584,0.901,0.1485,0.8416,0.7921,2.8416,0.7723,0.8911,0.8911,0.8911,0.9505,0.0693,0.7129,0.8317,0.6139,3.1783,0.802,10.3665,0.9109,0,0,1,0,0,1,0,1,0,0,0,1,0,0,1,0,0,0,0,1,3,215256,10105,686,31787,1103,9539,0,7969,202,210,78,16,26,8000,1139,470,235,13.2,0.9,17.5,0.6,5.3,0.0,4.4,0.1,0.1,0.1,0.0,0.1,4.4,0.6,0.3,0.1,County,State,Illinois,IL,17143,Peoria County
17,Illinois,IL,17145,Perry County,17145,"Perry County, Illinois",441.927439140866,20996,0,9170,45,8147,223,4841,644,519,145,1428,243,2354,278,738,198,4095,52,4060,22,4028,420,642,151,21,86,2930,18,554,197,1082,193,82,48,580,151,2280,52,26.0,3.5,6.1,1.8,17.5,2.9,15.5,1.8,3.9,1.1,19.5,0.2,19.3,0.1,21.5,2.2,7.9,1.8,0.1,0.4,14.0,0.1,6.0,2.1,11.8,2.1,1.0,0.5,7.1,1.8,10.9,0.2,0.8317,0.7525,0.297,0.9901,0.1089,2.9802,0.6733,0.396,0.1485,0.9406,0.9307,0.0594,2.4752,0.5248,0.6337,0.6337,0.6337,0.802,0.8119,0.2673,0.6535,0.9406,3.4753,0.9505,9.5644,0.8119,0,0,0,1,0,1,0,0,1,1,0,2,0,0,0,0,0,0,1,1,4,18074,1328,217,1654,167,668,0,131,39,10,13,0,23,467,169,0,23,16.3,2.6,7.9,0.8,3.2,0.0,0.6,0.2,0.0,0.1,0.0,0.2,2.2,0.8,0.0,0.2,County,State,Illinois,IL,17145,Perry County
17,Illinois,IL,17147,Piatt County,17147,"Piatt County, Illinois",439.187970160976,16698,0,7377,57,6783,164,2065,384,403,120,1220,262,728,170,649,174,3383,21,3669,23,2039,218,164,63,33,72,738,34,271,135,172,78,8,22,161,74,109,5,12.4,2.3,4.7,1.4,18.0,3.8,6.1,1.4,3.9,1.0,20.3,0.1,22.0,0.1,12.3,1.3,2.4,0.9,0.2,0.5,4.4,0.2,3.6,1.8,2.3,1.1,0.1,0.3,2.4,1.1,0.7,0.0,0.0792,0.4356,0.3267,0.0891,0.1089,1.0395,0.0792,0.5545,0.5941,0.1287,0.0198,0.2277,1.5248,0.0693,0.1188,0.1188,0.1188,0.5149,0.1584,0.0,0.0099,0.0693,0.7525,0.0198,3.4356,0.0198,0,0,0,0,0,0,0,0,0,0,0,0,0,0,0,0,0,0,0,0,0,11986,1066,225,154,66,251,0,12,15,1,2,0,19,300,68,20,31,15.7,3.3,0.9,0.4,1.5,0.0,0.1,0.1,0.0,0.1,0.0,0.2,1.8,0.4,0.1,0.2,County,State,Illinois,IL,17147,Piatt County
17,Illinois,IL,17149,Pike County,17149,"Pike County, Illinois",831.351244917848,14776,0,7308,28,5734,181,3376,423,316,115,1053,163,927,135,850,203,3174,28,3331,16,2508,232,420,115,39,73,662,58,70,47,632,98,68,42,239,72,379,15,23.6,3.0,4.7,1.7,18.4,2.8,9.0,1.3,5.9,1.4,21.5,0.2,22.5,0.1,17.4,1.6,7.4,2.0,0.3,0.5,4.5,0.4,0.9,0.6,8.6,1.3,1.2,0.6,4.2,1.2,2.6,0.1,0.6931,0.4356,0.3861,0.505,0.6535,2.6733,0.5644,0.7228,0.7327,0.6733,0.8911,0.396,3.4159,0.9703,0.1485,0.1485,0.1485,0.1386,0.6832,0.3861,0.198,0.5743,1.9802,0.3069,8.2179,0.495,0,0,0,0,0,0,0,0,0,0,0,0,0,0,0,0,0,0,0,0,0,11662,1164,153,102,44,223,0,44,14,6,8,88,54,186,61,13,16,20.3,2.5,0.7,0.3,1.5,0.0,0.3,0.1,0.0,0.1,0.6,0.4,1.3,0.4,0.1,0.1,County,State,Illinois,IL,17149,Pike County
17,Illinois,IL,17151,Pope County,17151,"Pope County, Illinois",368.867192823672,3799,0,2317,90,1349,106,851,178,129,71,201,57,343,96,147,72,946,97,617,84,733,129,61,30,3,47,401,45,7,15,500,109,4,7,79,39,182,13,23.5,4.9,9.1,4.8,14.9,4.1,11.8,3.2,4.0,2.0,24.9,2.5,16.2,2.2,19.9,3.5,4.5,2.2,0.1,1.3,10.6,1.2,0.3,0.6,21.6,4.6,0.2,0.3,5.9,2.8,4.8,0.3,0.6733,0.9901,0.0792,0.7723,0.1287,2.6436,0.5347,0.9703,0.0099,0.8416,0.1584,0.0594,2.0396,0.2475,0.495,0.495,0.495,0.0594,0.9802,0.0297,0.5149,0.7525,2.3367,0.3861,7.5149,0.3861,0,1,0,0,0,1,1,0,0,0,0,1,0,0,0,1,0,0,0,1,3,2549,436,111,126,36,118,36,1,2,51,52,0,12,105,63,0,12,32.3,7.9,3.3,0.9,3.1,1.0,0.0,0.1,1.3,1.4,0.0,0.9,2.8,1.7,0.0,0.9,County,State,Illinois,IL,17151,Pope County
17,Illinois,IL,17153,Pulaski County,17153,"Pulaski County, Illinois",199.26747965273,5177,0,2862,20,1886,105,1869,229,78,45,367,79,432,114,354,124,1170,13,1061,4,1258,181,96,46,18,70,1928,24,44,24,632,92,20,25,162,54,90,17,36.8,4.5,4.2,2.5,19.5,4.0,11.9,3.1,6.9,2.4,22.6,0.3,20.5,0.1,24.6,3.5,5.1,2.4,0.4,1.4,37.2,0.5,1.5,0.8,22.1,3.2,1.1,0.9,8.6,2.9,1.7,0.3,1.0,0.297,0.4851,0.802,0.8218,3.4059,0.8119,0.8119,0.2871,0.9901,0.297,0.4554,2.8415,0.7624,0.9505,0.9505,0.9505,0.198,0.9901,0.3465,0.8317,0.3762,2.7425,0.5842,9.9404,0.8515,1,0,0,0,0,1,0,0,1,0,0,1,1,1,0,1,0,0,0,1,4,5345,816,119,1623,101,98,74,11,9,2,5,0,17,193,82,1,2,43.3,5.3,31.4,1.9,1.9,1.4,0.2,0.2,0.0,0.1,0.0,0.7,3.7,1.6,0.0,0.1,County,State,Illinois,IL,17153,Pulaski County
17,Illinois,IL,17155,Putnam County,17155,"Putnam County, Illinois",160.09692982013,5628,0,3071,20,2400,126,648,119,88,33,333,61,263,64,175,61,1324,21,1113,20,916,139,105,47,9,66,512,31,8,19,99,54,20,16,81,35,6,7,11.5,2.1,3.2,1.2,13.9,2.4,6.4,1.6,3.1,1.1,23.5,0.4,19.8,0.4,16.3,2.5,4.3,1.9,0.2,1.2,9.1,0.6,0.3,0.6,3.2,1.7,0.9,0.5,3.4,1.5,0.1,0.1,0.0495,0.099,0.0396,0.1287,0.0495,0.3663,0.0099,0.8812,0.1881,0.5743,0.1188,0.2277,1.9901,0.2277,0.4257,0.4257,0.4257,0.0594,0.2673,0.2376,0.0693,0.0,0.6336,0.0,3.4157,0.0099,0,0,0,0,0,0,0,0,0,0,0,0,0,0,0,0,0,0,0,0,0,4568,405,73,16,15,353,0,41,28,1,2,0,17,74,37,27,30,16.9,3.0,0.3,0.3,6.3,0.0,0.7,0.5,0.0,0.1,0.0,0.6,1.3,0.7,0.5,0.5,County,State,Illinois,IL,17155,Putnam County
17,Illinois,IL,17157,Randolph County,17157,"Randolph County, Illinois",575.366921625996,30413,0,13412,69,11650,220,5529,603,691,161,1898,253,3063,337,1338,259,6212,77,6122,79,5459,430,679,150,133,103,4128,65,371,117,1736,216,80,43,829,165,3257,164,20.2,2.2,5.2,1.2,16.3,2.1,14.0,1.5,4.9,0.9,20.4,0.3,20.1,0.3,19.9,1.5,5.9,1.3,0.5,0.4,13.6,0.2,2.8,0.9,12.9,1.6,0.7,0.3,7.1,1.4,10.7,0.5,0.4158,0.5941,0.1683,0.9505,0.3564,2.4851,0.4752,0.5743,0.2376,0.8416,0.6238,0.5545,2.8318,0.7525,0.6139,0.6139,0.6139,0.4158,0.8614,0.1386,0.6535,0.9307,3.0,0.7327,8.9308,0.6436,0,0,0,1,0,1,0,0,0,0,0,0,0,0,0,0,0,0,1,1,2,29229,1939,259,2403,115,965,0,213,16,19,17,17,25,476,116,35,23,16.6,2.2,7.9,0.4,3.2,0.0,0.7,0.1,0.1,0.1,0.1,0.1,1.6,0.4,0.1,0.1,County,State,Illinois,IL,17157,Randolph County
17,Illinois,IL,17159,Richland County,17159,"Richland County, Illinois",360.033967483956,15716,0,7364,40,6485,189,3431,445,336,133,1079,204,867,186,893,174,3180,24,3609,68,2739,324,381,110,203,123,912,131,227,79,864,150,81,53,477,150,321,23,22.3,2.9,4.2,1.7,16.6,3.1,7.9,1.7,5.8,1.1,20.2,0.2,23.0,0.4,17.7,2.1,5.9,1.7,1.4,0.8,5.8,0.8,3.1,1.1,11.7,2.0,1.3,0.7,7.4,2.3,2.0,0.1,0.5644,0.297,0.2277,0.3564,0.6436,2.0891,0.3465,0.5446,0.8218,0.7129,0.6238,0.8614,3.5645,1.0,0.2772,0.2772,0.2772,0.4653,0.802,0.4554,0.7228,0.4554,2.9009,0.6634,8.8317,0.6238,0,0,0,0,0,0,0,0,0,0,0,0,0,0,0,0,0,0,0,0,0,15994,885,152,97,75,283,0,47,43,5,9,0,19,344,86,136,131,13.6,2.4,0.6,0.5,1.8,0.0,0.3,0.3,0.0,0.1,0.0,0.2,2.2,0.5,0.9,0.8,County,State,Illinois,IL,17159,Richland County
17,Illinois,IL,17161,Rock Island County,17161,"Rock Island County, Illinois",427.495912794172,143819,0,66731,105,61014,599,32611,1934,4411,653,14388,808,10283,698,8927,1013,28436,130,32089,0,19864,969,4750,495,2790,443,43608,240,7900,706,1601,266,964,255,5289,507,4713,161,23.5,1.4,6.2,0.9,23.6,1.3,10.4,0.7,6.3,0.7,19.8,0.1,22.3,0.0,14.1,0.7,7.7,0.8,2.1,0.3,30.3,0.2,11.9,1.1,2.4,0.4,1.6,0.4,8.7,0.8,3.3,0.1,0.6733,0.7624,0.8812,0.6733,0.7228,3.713,0.901,0.4653,0.6634,0.2574,0.9109,0.9109,3.2079,0.9208,0.8812,0.8812,0.8812,0.9208,0.1782,0.6238,0.8614,0.6832,3.2674,0.8416,11.0695,0.9703,0,0,0,0,0,0,0,0,0,1,1,2,0,0,1,0,0,0,0,1,3,158971,7015,614,14636,789,19477,0,3751,219,158,60,65,52,5203,851,318,186,11.5,1.0,10.2,0.5,13.5,0.0,2.6,0.2,0.1,0.1,0.0,0.1,3.6,0.6,0.2,0.1,County,State,Illinois,IL,17161,Rock Island County
17,Illinois,IL,17163,St. Clair County,17163,"St. Clair County, Illinois",657.734964378574,256791,0,115165,149,100701,947,52303,2837,7264,857,25508,1465,13615,932,13515,1177,42018,99,59716,0,37546,1622,8200,698,1121,292,102566,798,6211,612,5459,601,1401,373,7312,636,4049,75,20.7,1.1,5.7,0.7,25.3,1.4,7.8,0.5,5.4,0.5,16.4,0.1,23.3,0.0,15.0,0.6,8.2,0.7,0.5,100.0,39.9,0.3,5.4,0.5,4.7,0.5,1.4,0.3,7.3,0.6,1.6,0.0,0.4455,0.703,0.9109,0.3366,0.5149,2.9109,0.6634,0.1287,0.8515,0.4356,0.9604,0.5545,2.9307,0.8218,0.9703,0.9703,0.9703,0.7228,0.4257,0.5347,0.703,0.3366,2.7228,0.5743,9.5347,0.7921,0,0,1,0,0,1,0,0,0,1,0,1,1,1,0,0,0,0,0,0,3,231427,13605,985,72267,1191,11524,0,3984,357,716,350,43,62,12751,1228,1281,787,13.5,1.0,28.1,0.5,4.5,0.0,1.6,0.1,0.3,0.1,0.0,0.1,5.0,0.5,0.5,0.3,County,State,Illinois,IL,17163,St. Clair County
17,Illinois,IL,17165,Saline County,17165,"Saline County, Illinois",379.990664416114,23662,0,11579,34,10165,257,6421,624,638,161,2232,306,2035,320,1292,304,4875,60,4878,22,5529,457,735,213,36,84,1882,36,586,187,1292,217,150,67,935,194,488,17,27.8,2.7,5.9,1.4,22.0,3.0,11.8,1.9,5.6,1.3,20.6,0.3,20.6,0.1,23.8,2.0,7.2,2.1,0.2,0.4,8.0,0.2,5.0,1.6,11.2,1.9,1.5,0.6,9.2,1.8,2.1,0.1,0.9307,0.7228,0.7624,0.7723,0.5644,3.7526,0.9109,0.6139,0.297,0.9703,0.8713,0.2277,2.9802,0.8317,0.3861,0.3861,0.3861,0.703,0.7624,0.5743,0.8911,0.4752,3.406,0.9208,10.5249,0.9208,1,0,0,0,0,1,0,0,1,0,0,1,0,0,0,0,0,0,0,0,2,23550,2560,265,589,174,420,0,167,44,18,18,32,40,642,195,14,19,25.2,2.5,2.5,0.7,1.8,0.0,0.7,0.2,0.1,0.1,0.1,0.2,2.7,0.8,0.1,0.1,County,State,Illinois,IL,17165,Saline County
17,Illinois,IL,17167,Sangamon County,17167,"Sangamon County, Illinois",868.235657781308,196122,0,92938,193,84017,703,38085,2172,5104,521,18422,1121,9301,799,7471,763,36316,15,43115,16,25699,1113,6491,546,905,244,41607,380,7051,541,4011,405,1415,332,6176,669,3776,131,19.8,1.1,5.2,0.5,21.9,1.3,6.8,0.6,3.8,0.4,18.5,0.1,22.0,0.1,13.2,0.6,7.8,0.6,0.5,0.1,21.2,0.2,7.6,0.6,4.3,0.4,1.7,0.4,7.4,0.8,1.9,0.1,0.3861,0.5941,0.7426,0.2277,0.099,2.0495,0.3267,0.2673,0.5941,0.1683,0.9208,0.5545,2.505,0.5446,0.7723,0.7723,0.7723,0.8416,0.3663,0.7129,0.7228,0.4356,3.0792,0.7624,8.406,0.5446,0,0,0,0,0,0,0,0,0,1,0,1,0,0,0,0,0,0,0,0,1,238946,12426,888,24688,841,4924,0,4243,326,152,45,20,34,7040,968,540,269,14.8,1.0,12.6,0.4,2.5,0.0,2.2,0.2,0.1,0.1,0.0,0.1,3.6,0.5,0.3,0.1,County,State,Illinois,IL,17167,Sangamon County
17,Illinois,IL,17169,Schuyler County,17169,"Schuyler County, Illinois",437.300190455418,6879,0,3316,94,2725,158,1709,302,214,110,407,117,439,97,654,322,1669,93,1209,28,1397,228,149,74,63,103,590,17,91,80,359,100,34,24,94,63,786,203,25.3,4.5,6.7,3.2,14.9,4.2,8.3,1.8,9.6,4.7,24.3,1.4,17.6,0.4,20.6,3.4,5.5,2.7,1.0,1.6,8.6,0.2,2.7,2.4,10.8,3.0,1.2,0.7,3.4,2.3,11.4,3.0,0.8119,0.8119,0.0792,0.4257,0.9604,3.0891,0.703,0.9505,0.0198,0.901,0.4752,0.7426,3.0891,0.8713,0.4059,0.4059,0.4059,0.4059,0.7426,0.3861,0.0693,0.9505,2.5544,0.4752,9.1385,0.7129,0,0,0,0,1,1,1,0,1,0,0,2,0,0,0,0,0,0,1,1,4,5252,385,102,235,86,173,125,23,43,1,4,0,17,158,104,0,17,14.1,3.5,3.4,1.2,2.5,1.8,0.3,0.6,0.0,0.1,0.0,0.5,2.3,1.5,0.0,0.5,County,State,Illinois,IL,17169,Schuyler County
17,Illinois,IL,17171,Scott County,17171,"Scott County, Illinois",250.789479183672,4899,0,2389,20,1952,71,882,182,66,33,304,67,251,62,242,85,1018,43,1059,36,768,96,130,50,8,45,213,10,9,9,237,52,19,15,90,42,47,2,18.2,3.8,2.9,1.4,15.6,3.4,7.3,1.8,5.0,1.7,20.8,0.9,21.6,0.7,15.8,2.0,6.6,2.6,0.2,1.0,4.3,0.2,0.4,0.4,9.9,2.2,1.0,0.6,4.6,2.1,1.0,0.0,0.2871,0.0594,0.1188,0.2772,0.4257,1.1682,0.1089,0.6733,0.5149,0.5347,0.8218,0.2277,2.7724,0.7129,0.1089,0.1089,0.1089,0.0891,0.7129,0.2673,0.3069,0.1089,1.4851,0.1485,5.5346,0.1386,0,0,0,0,0,0,0,0,0,0,0,0,0,0,0,0,0,0,0,0,0,3410,340,71,0,12,67,59,38,32,6,8,0,12,102,53,0,12,17.4,3.6,0.0,0.7,1.4,1.2,0.8,0.6,0.1,0.2,0.0,0.7,2.1,1.1,0.0,0.7,County,State,Illinois,IL,17171,Scott County
17,Illinois,IL,17173,Shelby County,17173,"Shelby County, Illinois",758.50873619033,21042,0,10053,49,8762,284,3937,557,420,104,1572,251,922,189,926,211,4816,58,4534,56,3147,283,421,109,16,90,735,41,222,115,854,153,215,123,443,148,210,6,18.9,2.7,4.0,1.0,17.9,2.8,6.1,1.3,4.4,1.0,22.9,0.3,21.5,0.3,15.1,1.4,4.8,1.2,0.1,0.5,3.5,0.2,2.2,1.1,8.5,1.5,2.5,1.2,5.1,1.7,1.0,0.0,0.3267,0.2574,0.3168,0.0891,0.2079,1.1979,0.1287,0.8416,0.4653,0.4653,0.2178,0.0594,2.0494,0.2574,0.0099,0.0099,0.0099,0.297,0.6535,0.9307,0.3762,0.1089,2.3663,0.4257,5.6235,0.1485,0,0,0,0,0,0,0,0,0,0,0,0,0,0,0,0,1,0,0,1,1,15152,1283,171,57,50,261,0,72,27,30,22,40,51,274,77,1,2,14.6,1.9,0.3,0.2,1.2,0.0,0.3,0.1,0.1,0.1,0.2,0.2,1.3,0.4,0.0,0.1,County,State,Illinois,IL,17173,Shelby County
17,Illinois,IL,17175,Stark County,17175,"Stark County, Illinois",288.105413928106,5395,0,2588,23,2326,66,1008,200,84,35,479,85,349,72,301,97,1225,18,1143,26,777,100,57,31,33,61,370,47,3,18,75,40,3,17,102,36,98,9,19.2,3.8,3.3,1.4,20.6,3.6,9.1,1.9,5.7,1.8,22.7,0.3,21.2,0.5,14.7,1.9,2.5,1.3,0.6,1.2,6.9,0.9,0.1,0.7,2.9,1.6,0.1,0.7,4.4,1.5,1.8,0.2,0.3465,0.1188,0.6139,0.5248,0.6238,2.2278,0.4158,0.8218,0.4059,0.3762,0.0297,0.6634,2.297,0.3663,0.3267,0.3267,0.3267,0.0099,0.2277,0.0,0.2574,0.396,0.891,0.0297,5.7425,0.1782,0,0,0,0,0,0,0,0,0,0,0,0,0,0,0,0,0,0,0,0,0,4234,401,61,60,23,124,0,46,8,1,2,0,17,139,50,0,17,17.2,2.6,1.1,0.4,2.3,0.0,0.9,0.2,0.0,0.1,0.0,0.6,2.6,0.9,0.0,0.6,County,State,Illinois,IL,17175,Stark County
17,Illinois,IL,17177,Stephenson County,17177,"Stephenson County, Illinois",564.246396377916,44482,0,21402,47,19337,317,10172,809,1138,259,4615,437,2589,365,2663,462,10538,101,9477,14,7147,623,1097,246,197,133,8472,100,1159,221,977,241,214,100,1655,325,737,20,23.3,1.9,5.3,1.2,23.9,2.2,8.2,1.2,6.1,1.1,23.7,0.2,21.3,0.1,16.4,1.4,5.6,1.3,0.5,0.3,19.0,0.2,5.4,1.0,4.6,1.1,1.1,0.5,8.6,1.6,1.7,0.0,0.6535,0.6535,0.8911,0.4059,0.6931,3.2971,0.7723,0.9109,0.4257,0.5842,0.5446,0.5545,3.0199,0.8515,0.7624,0.7624,0.7624,0.7228,0.4158,0.3465,0.8317,0.3762,2.693,0.5644,9.7724,0.8317,0,0,0,0,0,0,1,0,0,0,0,1,0,0,0,0,0,0,0,0,1,42682,2938,332,3861,418,2036,0,405,69,35,31,0,26,2075,416,60,60,15.2,1.7,8.7,0.9,4.6,0.0,0.9,0.2,0.1,0.1,0.0,0.1,4.7,0.9,0.1,0.1,County,State,Illinois,IL,17177,Stephenson County
17,Illinois,IL,17179,Tazewell County,17179,"Tazewell County, Illinois",646.468557825732,131276,0,58634,66,53676,603,20535,1549,2538,376,10681,730,5839,632,6270,777,25399,112,29305,0,15932,882,2550,375,395,164,9368,287,3500,451,975,210,694,234,3092,426,2585,54,16.0,1.2,3.9,0.6,19.9,1.3,6.3,0.7,4.9,0.6,19.3,0.1,22.3,0.0,12.4,0.7,4.8,0.7,0.3,0.1,7.1,0.2,6.0,0.8,1.7,0.4,1.3,0.4,5.8,0.8,2.0,0.0,0.1782,0.2376,0.5347,0.1188,0.3564,1.4257,0.1683,0.3564,0.6634,0.1386,0.2178,0.396,1.7722,0.1485,0.3465,0.3465,0.3465,0.802,0.099,0.4554,0.495,0.4554,2.3068,0.3663,5.8512,0.1881,0,0,0,0,0,0,0,0,0,0,0,0,0,0,0,0,0,0,0,0,0,122185,6717,516,1519,300,3385,0,1357,129,142,47,53,61,2736,375,176,162,12.5,1.0,1.2,0.2,2.6,0.0,1.0,0.1,0.1,0.1,0.0,0.1,2.1,0.3,0.1,0.1,County,State,Illinois,IL,17179,Tazewell County
17,Illinois,IL,17181,Union County,17181,"Union County, Illinois",413.411483651234,17122,0,7869,49,6763,224,4541,520,457,149,1546,245,1487,241,1074,339,3903,36,3565,10,3408,365,222,75,68,83,1611,45,193,104,1011,176,75,43,670,217,617,23,27.1,3.1,6.3,2.0,22.9,3.5,12.0,1.9,6.4,2.0,22.8,0.2,20.8,0.1,20.2,2.2,3.3,1.1,0.4,0.5,9.4,0.3,2.5,1.3,12.8,2.2,1.1,0.5,9.9,3.2,3.6,0.1,0.901,0.7723,0.8317,0.8218,0.7426,4.0694,0.9703,0.8317,0.3267,0.8812,0.0495,0.4554,2.5445,0.5644,0.4653,0.4653,0.4653,0.3564,0.8416,0.3465,0.9307,0.703,3.1782,0.7921,10.2574,0.901,1,0,0,0,0,1,0,0,0,0,0,0,0,0,0,0,0,1,0,1,2,15508,2024,257,250,115,907,0,59,27,28,22,4,9,363,120,0,19,29.9,3.5,1.5,0.7,5.3,0.0,0.3,0.2,0.2,0.1,0.0,0.1,2.1,0.7,0.0,0.2,County,State,Illinois,IL,17181,Union County
17,Illinois,IL,17183,Vermilion County,17183,"Vermilion County, Illinois",898.318402445574,74113,0,34496,54,29904,367,19475,1097,2173,326,6319,532,4782,418,3594,530,14696,93,17326,0,10375,632,2779,348,441,161,16753,71,2011,294,1787,257,395,117,2674,392,2529,41,27.4,1.5,6.7,1.0,21.1,1.8,9.4,0.8,5.0,0.7,19.8,0.1,23.4,0.0,14.5,0.9,9.3,1.2,0.6,0.2,22.6,0.1,5.8,0.9,5.2,0.7,1.3,0.3,8.9,1.3,3.4,0.1,0.9109,0.8119,0.6832,0.5545,0.4257,3.3862,0.802,0.4653,0.8614,0.3366,1.0,0.6634,3.3267,0.9505,0.802,0.802,0.802,0.7822,0.4653,0.4554,0.8812,0.6931,3.2772,0.8515,10.7921,0.9307,1,0,0,0,0,1,0,0,0,1,0,1,0,0,0,0,0,0,0,0,2,70066,4986,358,10750,190,4035,0,727,85,54,29,9,16,1124,227,54,51,16.7,1.2,14.5,0.3,5.4,0.0,1.0,0.1,0.1,0.1,0.0,0.1,1.5,0.3,0.1,0.1,County,State,Illinois,IL,17183,Vermilion County
17,Illinois,IL,17185,Wabash County,17185,"Wabash County, Illinois",223.32293927749,11321,0,5411,22,4778,169,2748,407,233,87,872,174,560,143,624,165,2476,76,2472,60,2320,267,253,103,57,77,871,22,236,80,613,128,71,43,500,142,134,7,24.7,3.7,4.4,1.6,18.3,3.6,7.0,1.8,5.6,1.5,21.9,0.7,21.8,0.5,20.6,2.4,5.3,2.1,0.5,0.7,7.7,0.2,4.4,1.5,11.3,2.3,1.5,0.8,10.5,3.0,1.2,0.1,0.7921,0.3564,0.3465,0.2376,0.5644,2.297,0.4356,0.7822,0.5545,0.901,0.396,0.5545,3.1882,0.9109,0.3762,0.3762,0.3762,0.6139,0.7723,0.5743,0.9406,0.198,3.0991,0.7723,8.9605,0.6535,0,0,0,0,0,0,0,0,1,0,0,1,0,0,0,0,0,1,0,1,2,10713,898,131,109,82,345,0,126,52,4,6,0,19,287,99,0,19,18.8,2.6,1.0,0.7,3.0,0.0,1.1,0.5,0.0,0.1,0.0,0.3,2.5,0.9,0.0,0.3,County,State,Illinois,IL,17185,Wabash County
17,Illinois,IL,17187,Warren County,17187,"Warren County, Illinois",542.383849394396,16760,0,7602,28,6836,191,3654,579,601,151,1131,198,1367,241,987,253,3258,69,3680,14,2287,270,413,115,481,193,3040,99,335,106,119,60,107,64,382,106,1012,29,23.2,3.7,7.3,1.8,16.5,2.9,12.5,2.2,6.0,1.5,19.4,0.4,22.0,0.1,13.8,1.6,6.0,1.7,3.0,1.2,18.1,0.6,4.4,1.4,1.6,0.8,1.6,0.8,5.6,1.6,6.0,0.2,0.6337,0.901,0.198,0.8515,0.6832,3.2674,0.7624,0.3762,0.5941,0.2376,0.6535,0.9307,2.7921,0.7228,0.7327,0.7327,0.7327,0.6139,0.0792,0.6238,0.4554,0.8119,2.5842,0.505,9.3764,0.7723,0,1,0,0,0,1,0,0,0,0,1,1,0,0,0,0,0,0,0,0,2,15371,1071,231,637,180,1733,0,245,206,30,23,23,36,286,132,86,87,15.7,3.4,3.8,1.1,10.3,0.0,1.5,1.2,0.2,0.1,0.1,0.2,1.7,0.8,0.5,0.5,County,State,Illinois,IL,17187,Warren County
17,Illinois,IL,17189,Washington County,17189,"Washington County, Illinois",562.597014966156,13781,0,6415,26,5747,133,2004,304,344,95,977,151,740,132,434,101,2860,22,2909,0,1878,200,262,67,29,72,629,56,8,21,508,101,90,50,178,53,226,15,14.8,2.2,4.7,1.3,17.0,2.6,7.5,1.3,3.2,0.7,20.8,0.2,21.1,0.0,13.8,1.5,4.5,1.2,0.2,0.6,4.6,0.4,0.1,0.3,7.9,1.6,1.6,0.8,3.1,0.9,1.6,0.1,0.1188,0.4356,0.2574,0.297,0.0594,1.1682,0.1089,0.6733,0.3861,0.2376,0.1584,0.2277,1.6831,0.1089,0.1584,0.1584,0.1584,0.0099,0.6139,0.6238,0.0396,0.3366,1.6238,0.1782,4.6335,0.0693,0,0,0,0,0,0,0,0,0,0,0,0,0,0,0,0,0,0,0,0,0,10445,820,116,75,37,212,0,21,18,11,10,0,19,310,76,0,19,14.3,2.0,0.5,0.3,1.5,0.0,0.2,0.1,0.1,0.1,0.0,0.3,2.2,0.6,0.0,0.3,County,State,Illinois,IL,17189,Washington County
17,Illinois,IL,17191,Wayne County,17191,"Wayne County, Illinois",713.829385724862,16127,0,7694,34,6848,180,4126,515,271,94,1330,185,1213,209,1862,438,3510,24,3629,84,2881,274,383,96,31,66,682,36,269,137,1821,170,108,54,548,168,83,5,25.7,3.2,3.6,1.2,19.4,2.7,10.7,1.8,11.6,2.7,21.8,0.1,22.5,0.5,17.9,1.7,5.6,1.4,0.2,0.4,4.2,0.2,3.5,1.8,23.7,2.2,1.5,0.7,8.0,2.4,0.5,0.0,0.8218,0.198,0.4653,0.6931,0.9802,3.1584,0.7129,0.7525,0.7327,0.7426,0.5446,0.2277,3.0001,0.8416,0.0891,0.0891,0.0891,0.505,1.0,0.5743,0.802,0.0297,2.911,0.6733,9.1586,0.7228,0,0,0,0,1,1,0,0,0,0,0,0,0,0,0,1,0,0,0,1,2,13954,1583,186,107,50,278,0,87,37,0,19,0,19,206,76,4,6,23.1,2.6,0.7,0.3,1.7,0.0,0.5,0.2,0.0,0.2,0.0,0.2,1.3,0.5,0.0,0.1,County,State,Illinois,IL,17191,Wayne County
17,Illinois,IL,17193,White County,17193,"White County, Illinois",494.982461682134,13834,0,6778,35,5676,200,3597,518,217,81,1142,197,1151,195,973,337,3221,43,2982,46,2746,272,342,98,4,74,554,17,149,89,601,129,40,31,415,118,372,35,26.9,3.9,3.5,1.3,20.1,3.4,11.5,1.9,7.2,2.5,23.3,0.3,21.6,0.3,20.3,2.0,6.0,1.7,0.0,0.6,4.0,0.1,2.2,1.3,8.9,1.9,0.8,0.5,7.3,2.0,2.7,0.3,0.8911,0.1782,0.5842,0.7426,0.901,3.2971,0.7723,0.8614,0.5149,0.8911,0.6535,0.0,2.9209,0.8119,0.0594,0.0594,0.0594,0.297,0.6931,0.1782,0.703,0.6139,2.4852,0.4356,8.7626,0.6139,0,0,0,0,1,1,0,0,0,0,0,0,0,0,0,0,0,0,0,0,1,12368,1322,183,107,28,205,0,68,36,8,9,3,7,163,49,0,19,23.3,3.1,0.8,0.2,1.5,0.0,0.5,0.3,0.1,0.1,0.0,0.1,1.2,0.4,0.0,0.3,County,State,Illinois,IL,17193,White County
17,Illinois,IL,17195,Whiteside County,17195,"Whiteside County, Illinois",684.098967243738,55569,0,25860,51,23164,302,10498,944,1228,222,4845,490,3601,468,3019,518,11687,43,12157,0,7907,601,1643,268,545,199,9686,335,1065,204,608,150,217,116,1210,214,1026,17,19.3,1.7,4.4,0.8,20.9,2.1,9.2,1.2,5.5,0.9,21.0,0.1,21.9,0.0,14.4,1.1,7.1,1.2,1.0,0.4,17.4,0.6,4.1,0.8,2.4,0.6,0.9,0.4,5.2,0.9,1.8,0.0,0.3564,0.3564,0.6733,0.5347,0.5347,2.4555,0.4653,0.703,0.5644,0.3168,0.8515,0.7426,3.1783,0.901,0.7228,0.7228,0.7228,0.5545,0.1782,0.2376,0.4059,0.396,1.7722,0.2376,8.1288,0.4851,0,0,0,0,0,0,0,0,0,0,0,0,0,0,0,0,0,0,0,0,0,51598,3793,403,607,176,7071,0,279,66,40,21,14,30,1606,371,69,54,16.4,1.7,1.1,0.3,12.7,0.0,0.5,0.1,0.1,0.1,0.0,0.1,2.9,0.7,0.1,0.1,County,State,Illinois,IL,17195,Whiteside County
17,Illinois,IL,17197,Will County,17197,"Will County, Illinois",835.875326376692,696774,0,251029,148,239064,997,78340,3650,18958,1270,49585,1721,38972,1552,38166,1817,95701,30,168067,16,65648,1985,13380,866,20388,1246,272211,956,14868,869,3364,411,4695,435,8408,604,8172,175,11.4,0.5,5.0,0.3,20.7,0.7,8.4,0.3,5.5,0.3,13.7,0.1,24.1,0.1,9.5,0.3,5.6,0.4,3.1,0.2,39.1,0.1,5.9,0.3,1.3,0.2,2.0,0.2,3.5,0.3,1.2,0.0,0.0396,0.5644,0.6238,0.4455,0.5347,2.208,0.3861,0.0297,0.9307,0.0396,0.5446,0.9406,2.4852,0.5347,0.9604,0.9604,0.9604,0.7921,0.0495,0.8416,0.1089,0.198,1.9901,0.3168,7.6437,0.396,0,0,0,0,0,0,0,1,0,0,1,2,1,1,0,0,0,0,0,0,3,628656,18099,1001,78677,1174,129687,0,40631,885,467,145,56,30,20914,1619,1779,582,7.6,0.4,11.3,0.2,18.6,0.0,5.8,0.1,0.1,0.1,0.0,0.1,3.0,0.2,0.3,0.1,County,State,Illinois,IL,17197,Will County
17,Illinois,IL,17199,Williamson County,17199,"Williamson County, Illinois",420.209859558674,67120,0,31811,56,28521,394,14380,1281,1390,261,6401,633,3481,421,3616,469,12920,93,14474,0,11939,713,1720,292,318,185,7705,139,982,229,2396,284,222,90,2033,375,2016,56,22.2,2.0,4.4,0.8,22.4,2.2,7.3,0.9,5.6,0.7,19.2,0.1,21.6,0.0,18.3,1.1,6.0,1.0,0.5,0.3,11.5,0.2,3.1,0.7,7.5,0.9,0.8,0.3,7.1,1.3,3.0,0.1,0.5446,0.3564,0.7921,0.2772,0.5644,2.5347,0.495,0.3366,0.5149,0.7822,0.6535,0.5545,2.8417,0.7822,0.5446,0.5446,0.5446,0.4653,0.5842,0.1782,0.6535,0.6634,2.5446,0.4653,8.4656,0.5743,0,0,0,0,0,0,0,0,0,0,0,0,0,0,0,0,0,0,0,0,0,66785,4516,459,2204,298,1919,0,997,96,192,101,0,29,2297,279,96,78,15.8,1.6,3.3,0.4,2.9,0.0,1.5,0.1,0.3,0.2,0.0,0.1,3.4,0.4,0.1,0.1,County,State,Illinois,IL,17199,Williamson County
17,Illinois,IL,17201,Winnebago County,17201,"Winnebago County, Illinois",513.049466159426,284591,0,125039,82,115214,650,72805,2434,10540,857,30932,1367,22202,1125,18156,1360,51253,35,66483,30,40422,1374,9357,784,5387,654,96426,404,9802,678,1565,283,2225,328,9974,809,4093,51,26.0,0.9,7.5,0.6,26.8,1.2,11.5,0.6,6.4,0.5,18.0,0.1,23.4,0.1,14.4,0.5,8.1,0.7,2.0,0.2,33.9,0.1,7.8,0.5,1.3,0.2,1.9,0.3,8.7,0.7,1.4,0.0,0.8317,0.9109,0.9406,0.7426,0.7426,4.1684,0.9802,0.2079,0.8614,0.3168,0.9505,0.901,3.2376,0.9307,0.901,0.901,0.901,0.8614,0.0495,0.8119,0.8614,0.2574,2.8416,0.6139,11.1486,0.9802,0,1,1,0,0,2,0,0,0,1,1,2,1,1,0,0,0,0,0,0,5,290756,15392,975,36916,838,40052,0,8094,313,98,47,89,34,10452,979,725,275,13.4,0.8,13.0,0.3,14.1,0.0,2.8,0.1,0.0,0.1,0.0,0.1,3.7,0.3,0.3,0.1,County,State,Illinois,IL,17201,Winnebago County
17,Illinois,IL,17203,Woodford County,17203,"Woodford County, Illinois",527.556986646168,38414,0,15711,41,14725,261,5089,705,630,193,2783,405,1492,260,1745,325,7074,54,9189,0,3950,402,700,190,25,97,2057,169,284,123,452,143,95,75,497,126,997,25,13.6,1.9,3.3,1.0,18.9,2.7,5.8,1.0,4.6,0.9,18.4,0.1,23.9,0.0,10.4,1.1,4.8,1.3,0.1,0.3,5.4,0.4,1.8,0.8,2.9,0.9,0.6,0.5,3.4,0.9,2.6,0.1,0.099,0.1188,0.4059,0.0594,0.2871,0.9702,0.0396,0.2475,0.9109,0.0891,0.2178,0.0594,1.5247,0.0594,0.2574,0.2574,0.2574,0.2277,0.2277,0.1089,0.0693,0.5743,1.2079,0.0495,3.9602,0.0297,0,0,0,0,0,0,0,1,0,0,0,1,0,0,0,0,0,0,0,0,1,30401,1809,290,245,69,740,0,195,78,11,10,0,26,780,163,86,101,12.3,1.9,0.6,0.2,1.9,0.0,0.5,0.2,0.0,0.1,0.0,0.1,2.0,0.4,0.2,0.3,County,State,Illinois,IL,17203,Woodford County
